audit_id,auditor_labels,adjudicated_label_answerable,adjudication_notes
fever-v4-n100-00001,auditor1=:; auditor2=:,,
fever-v4-n100-00002,auditor1=:; auditor2=:,,
fever-v4-n100-00003,auditor1=:; auditor2=:,,
fever-v4-n100-00004,auditor1=:; auditor2=:,,
fever-v4-n100-00005,auditor1=:; auditor2=:,,
fever-v4-n100-00006,auditor1=:; auditor2=:,,
fever-v4-n100-00007,auditor1=:; auditor2=:,,
fever-v4-n100-00008,auditor1=:; auditor2=:,,
fever-v4-n100-00009,auditor1=:; auditor2=:,,
fever-v4-n100-00010,auditor1=:; auditor2=:,,
fever-v4-n100-00011,auditor1=:; auditor2=:,,
fever-v4-n100-00012,auditor1=:; auditor2=:,,
fever-v4-n100-00013,auditor1=:; auditor2=:,,
fever-v4-n100-00014,auditor1=:; auditor2=:,,
fever-v4-n100-00015,auditor1=:; auditor2=:,,
fever-v4-n100-00016,auditor1=:; auditor2=:,,
fever-v4-n100-00017,auditor1=:; auditor2=:,,
fever-v4-n100-00018,auditor1=:; auditor2=:,,
fever-v4-n100-00019,auditor1=:; auditor2=:,,
fever-v4-n100-00020,auditor1=:; auditor2=:,,
fever-v4-n100-00021,auditor1=:; auditor2=:,,
fever-v4-n100-00022,auditor1=:; auditor2=:,,
fever-v4-n100-00023,auditor1=:; auditor2=:,,
fever-v4-n100-00024,auditor1=:; auditor2=:,,
fever-v4-n100-00025,auditor1=:; auditor2=:,,
fever-v4-n100-00026,auditor1=:; auditor2=:,,
fever-v4-n100-00027,auditor1=:; auditor2=:,,
fever-v4-n100-00028,auditor1=:; auditor2=:,,
fever-v4-n100-00029,auditor1=:; auditor2=:,,
fever-v4-n100-00030,auditor1=:; auditor2=:,,
fever-v4-n100-00031,auditor1=:; auditor2=:,,
fever-v4-n100-00032,auditor1=:; auditor2=:,,
fever-v4-n100-00033,auditor1=:; auditor2=:,,
fever-v4-n100-00034,auditor1=:; auditor2=:,,
fever-v4-n100-00035,auditor1=:; auditor2=:,,
fever-v4-n100-00036,auditor1=:; auditor2=:,,
fever-v4-n100-00037,auditor1=:; auditor2=:,,
fever-v4-n100-00038,auditor1=:; auditor2=:,,
fever-v4-n100-00039,auditor1=:; auditor2=:,,
fever-v4-n100-00040,auditor1=:; auditor2=:,,
fever-v4-n100-00041,auditor1=:; auditor2=:,,
fever-v4-n100-00042,auditor1=:; auditor2=:,,
fever-v4-n100-00043,auditor1=:; auditor2=:,,
fever-v4-n100-00044,auditor1=:; auditor2=:,,
fever-v4-n100-00045,auditor1=:; auditor2=:,,
fever-v4-n100-00046,auditor1=:; auditor2=:,,
fever-v4-n100-00047,auditor1=:; auditor2=:,,
fever-v4-n100-00048,auditor1=:; auditor2=:,,
fever-v4-n100-00049,auditor1=:; auditor2=:,,
fever-v4-n100-00050,auditor1=:; auditor2=:,,
fever-v4-n100-00051,auditor1=:; auditor2=:,,
fever-v4-n100-00052,auditor1=:; auditor2=:,,
fever-v4-n100-00053,auditor1=:; auditor2=:,,
fever-v4-n100-00054,auditor1=:; auditor2=:,,
fever-v4-n100-00055,auditor1=:; auditor2=:,,
fever-v4-n100-00056,auditor1=:; auditor2=:,,
fever-v4-n100-00057,auditor1=:; auditor2=:,,
fever-v4-n100-00058,auditor1=:; auditor2=:,,
fever-v4-n100-00059,auditor1=:; auditor2=:,,
fever-v4-n100-00060,auditor1=:; auditor2=:,,
fever-v4-n100-00061,auditor1=:; auditor2=:,,
fever-v4-n100-00062,auditor1=:; auditor2=:,,
fever-v4-n100-00063,auditor1=:; auditor2=:,,
fever-v4-n100-00064,auditor1=:; auditor2=:,,
fever-v4-n100-00065,auditor1=:; auditor2=:,,
fever-v4-n100-00066,auditor1=:; auditor2=:,,
fever-v4-n100-00067,auditor1=:; auditor2=:,,
fever-v4-n100-00068,auditor1=:; auditor2=:,,
fever-v4-n100-00069,auditor1=:; auditor2=:,,
fever-v4-n100-00070,auditor1=:; auditor2=:,,
fever-v4-n100-00071,auditor1=:; auditor2=:,,
fever-v4-n100-00072,auditor1=:; auditor2=:,,
fever-v4-n100-00073,auditor1=:; auditor2=:,,
fever-v4-n100-00074,auditor1=:; auditor2=:,,
fever-v4-n100-00075,auditor1=:; auditor2=:,,
fever-v4-n100-00076,auditor1=:; auditor2=:,,
fever-v4-n100-00077,auditor1=:; auditor2=:,,
fever-v4-n100-00078,auditor1=:; auditor2=:,,
fever-v4-n100-00079,auditor1=:; auditor2=:,,
fever-v4-n100-00080,auditor1=:; auditor2=:,,
fever-v4-n100-00081,auditor1=:; auditor2=:,,
fever-v4-n100-00082,auditor1=:; auditor2=:,,
fever-v4-n100-00083,auditor1=:; auditor2=:,,
fever-v4-n100-00084,auditor1=:; auditor2=:,,
fever-v4-n100-00085,auditor1=:; auditor2=:,,
fever-v4-n100-00086,auditor1=:; auditor2=:,,
fever-v4-n100-00087,auditor1=:; auditor2=:,,
fever-v4-n100-00088,auditor1=:; auditor2=:,,
fever-v4-n100-00089,auditor1=:; auditor2=:,,
fever-v4-n100-00090,auditor1=:; auditor2=:,,
fever-v4-n100-00091,auditor1=:; auditor2=:,,
fever-v4-n100-00092,auditor1=:; auditor2=:,,
fever-v4-n100-00093,auditor1=:; auditor2=:,,
fever-v4-n100-00094,auditor1=:; auditor2=:,,
fever-v4-n100-00095,auditor1=:; auditor2=:,,
fever-v4-n100-00096,auditor1=:; auditor2=:,,
fever-v4-n100-00097,auditor1=:; auditor2=:,,
fever-v4-n100-00098,auditor1=:; auditor2=:,,
fever-v4-n100-00099,auditor1=:; auditor2=:,,
fever-v4-n100-00100,auditor1=:; auditor2=:,,
