orbit_id,split,expected_label_answerable,auditor_label_answerable,auditor_failure_type,auditor_notes,auditor2_label_answerable,auditor2_failure_type,auditor2_notes,adjudicated_label_answerable,adjudication_notes
fever:ac44a2875a3777beff22b7e3f2d2e820:conflict,fever_conflicting_evidence,false,,,,,,,,
fever:e664966e5d4221ca1c89f8dcaafa9b2b:conflict,fever_conflicting_evidence,false,,,,,,,,
fever:fc0f519782d391fdde79f96705ec724d:conflict,fever_conflicting_evidence,false,,,,,,,,
fever:7a02b00ea079b96cb33a7782dfb2c059:conflict,fever_conflicting_evidence,false,,,,,,,,
fever:750b9a1dc5d5b0603b17728f34159eb7:conflict,fever_conflicting_evidence,false,,,,,,,,
fever:352a10eebee07d1e72be741f46d03776:conflict,fever_conflicting_evidence,false,,,,,,,,
fever:e8dd28ce7eb625843cd6d471fa5de66d:conflict,fever_conflicting_evidence,false,,,,,,,,
fever:562d69d6c90f3abd6c404931d754390c:conflict,fever_conflicting_evidence,false,,,,,,,,
fever:6383289a5759f26a092647fa55a3a4c6:conflict,fever_conflicting_evidence,false,,,,,,,,
fever:2de22e8ed1fb3f70661b4c4d3a947c7c:conflict,fever_conflicting_evidence,false,,,,,,,,
fever:7fdadfb799922d657108dd8c28010309:conflict,fever_conflicting_evidence,false,,,,,,,,
fever:e9a002d9b8a6e29528cc5c22393f0953:conflict,fever_conflicting_evidence,false,,,,,,,,
fever:c952e1b34e8381bbfa7e4e27c0e090c8:conflict,fever_conflicting_evidence,false,,,,,,,,
fever:9e746b3be3caeb4bbdd5be0c60d9a086:conflict,fever_conflicting_evidence,false,,,,,,,,
fever:2eeb3da68ff17ff2eb11278d44095d5f:conflict,fever_conflicting_evidence,false,,,,,,,,
fever:71cc17ff9fc1dcb0ebbfa8ced12d8677:conflict,fever_conflicting_evidence,false,,,,,,,,
fever:13f69a0d0628a12b06c497e3cf57e0c2:conflict,fever_conflicting_evidence,false,,,,,,,,
fever:84d8b8a363f160b432f0eef095fa3424:conflict,fever_conflicting_evidence,false,,,,,,,,
fever:5defcc455306f762686b902b87b6fcff:conflict,fever_conflicting_evidence,false,,,,,,,,
fever:eae53021506f1daf25c8fba603922361:conflict,fever_conflicting_evidence,false,,,,,,,,
fever:3965d777f70e043a1b494847f2d4ea0a:conflict,fever_conflicting_evidence,false,,,,,,,,
fever:2c69dec18578c87e49604859e7123cb6:conflict,fever_conflicting_evidence,false,,,,,,,,
fever:e624efc2e568f7888482fd319c5a69ba:conflict,fever_conflicting_evidence,false,,,,,,,,
fever:7f6131290bb117022e3b06c9d77d6b48:conflict,fever_conflicting_evidence,false,,,,,,,,
fever:5da5431d3ebafc97af8b86a08bcd9dda:conflict,fever_conflicting_evidence,false,,,,,,,,
fever:0f842bac1810fe5262c7a8aa4d5cde6b:conflict,fever_conflicting_evidence,false,,,,,,,,
fever:fcc1d92fc984e19b6e2bd1e54e8dec75:conflict,fever_conflicting_evidence,false,,,,,,,,
fever:7a56b2553b5fcf98ea4085b44e3a2600:conflict,fever_conflicting_evidence,false,,,,,,,,
fever:4c821003029531e3aae8461f9233444d:conflict,fever_conflicting_evidence,false,,,,,,,,
fever:a5b7cd05c31b6190e7c09ba3dba6435b:conflict,fever_conflicting_evidence,false,,,,,,,,
fever:8271ce90baa00f515d54574c0a278cde:conflict,fever_conflicting_evidence,false,,,,,,,,
fever:3afbb7e573c19bd10135552a58052f8f:conflict,fever_conflicting_evidence,false,,,,,,,,
fever:a1a8ba0089051685ae5c082b69ce2bce:conflict,fever_conflicting_evidence,false,,,,,,,,
fever:b25e32964523c07fd47e9cd1bb68b845:conflict,fever_conflicting_evidence,false,,,,,,,,
fever:88b675642d3f41ce5b3138541809b6c2:conflict,fever_conflicting_evidence,false,,,,,,,,
fever:8c26fbff2d3e8667542610aed07c901f:conflict,fever_conflicting_evidence,false,,,,,,,,
fever:e8e982847f38d3d151e76bbee3385511:conflict,fever_conflicting_evidence,false,,,,,,,,
fever:bf9958a1c0b9ff343672c3019780cae8:conflict,fever_conflicting_evidence,false,,,,,,,,
fever:373522a185b9e37e578d6c47137ca214:conflict,fever_conflicting_evidence,false,,,,,,,,
fever:14095b6ea15f4cf496d00faf9966928f:conflict,fever_conflicting_evidence,false,,,,,,,,
fever:d2e26ecbb24fb977985f8eac645afddb:conflict,fever_conflicting_evidence,false,,,,,,,,
fever:041950587b060637115ce19b062ec60d:conflict,fever_conflicting_evidence,false,,,,,,,,
fever:59ab9a19f6ea398f9f2f88bf5d244676:conflict,fever_conflicting_evidence,false,,,,,,,,
fever:d54a071d44f70a85f0b5f4674e3728a6:conflict,fever_conflicting_evidence,false,,,,,,,,
fever:e78bf9a76368d6c5284f5f7bbd1efc87:conflict,fever_conflicting_evidence,false,,,,,,,,
fever:62ecec02e3975d2aa7c7544938ce7834:conflict,fever_conflicting_evidence,false,,,,,,,,
fever:00e72a959299955a3b268d96dafdd5ff:conflict,fever_conflicting_evidence,false,,,,,,,,
fever:da1717dbf4179f8c55a82e8ab97a109a:conflict,fever_conflicting_evidence,false,,,,,,,,
fever:0352c46cbab8c3edb420e3b843323d42:conflict,fever_conflicting_evidence,false,,,,,,,,
fever:2ce8305d97542bce4894eb8ec1de118b:conflict,fever_conflicting_evidence,false,,,,,,,,
fever:d07b20fe37b03c55b8aeade4cbdd82ed:conflict,fever_conflicting_evidence,false,,,,,,,,
fever:ede6cdbe896e33c6e229f3d456b05e11:conflict,fever_conflicting_evidence,false,,,,,,,,
fever:92f72d803dbdab1b37e62da05298a931:conflict,fever_conflicting_evidence,false,,,,,,,,
fever:8a55cb21f71c74cb613680791b45534d:conflict,fever_conflicting_evidence,false,,,,,,,,
fever:c0cf40b107f7b1f40b76c248a952df85:conflict,fever_conflicting_evidence,false,,,,,,,,
fever:bbc16c0dcf30a312d3eea2944d000565:conflict,fever_conflicting_evidence,false,,,,,,,,
fever:74875d904c453e4126761109d464f8f7:conflict,fever_conflicting_evidence,false,,,,,,,,
fever:2568e20ea56b809ef9db9562b47bdf56:conflict,fever_conflicting_evidence,false,,,,,,,,
fever:cf683703b3a361c8aed05950f601332f:conflict,fever_conflicting_evidence,false,,,,,,,,
fever:78326c73b6ac9cd78b43cec932d99f5f:conflict,fever_conflicting_evidence,false,,,,,,,,
fever:a558b71780b532c0c5c8b4cc010b9937:conflict,fever_conflicting_evidence,false,,,,,,,,
fever:1c919d3bd9415e094b481100bd7e86ae:conflict,fever_conflicting_evidence,false,,,,,,,,
fever:9ce7a3370a1ef433fd162ae2531e1295:conflict,fever_conflicting_evidence,false,,,,,,,,
fever:a0229b8a5bda0d77e76ad5f6516eeba6:conflict,fever_conflicting_evidence,false,,,,,,,,
fever:5f44773eda213f81f065ea4227a93cad:conflict,fever_conflicting_evidence,false,,,,,,,,
fever:e05a51cafbd8c4be0f3401856dce4d31:conflict,fever_conflicting_evidence,false,,,,,,,,
fever:d747a654061e5abcb215f13dbe104bf5:conflict,fever_conflicting_evidence,false,,,,,,,,
fever:96f275ebb085417f02bf30881db222e0:conflict,fever_conflicting_evidence,false,,,,,,,,
fever:ee31832067dcc51caed85b175103dabd:conflict,fever_conflicting_evidence,false,,,,,,,,
fever:4f99160cf65dc9e25cb7a99e04e8688c:conflict,fever_conflicting_evidence,false,,,,,,,,
fever:ddbd2bc31b979f619ba48ecaabfaff15:conflict,fever_conflicting_evidence,false,,,,,,,,
fever:d7df6529e9a0e96c3b63f58e6d05db2f:conflict,fever_conflicting_evidence,false,,,,,,,,
fever:cbddc41e8b7411878164fba2271610d3:conflict,fever_conflicting_evidence,false,,,,,,,,
fever:bdf2025762f2bce2364cfbd7c44b5153:conflict,fever_conflicting_evidence,false,,,,,,,,
fever:d2e0624c75b4423e9e136d045f8dcc2e:conflict,fever_conflicting_evidence,false,,,,,,,,
fever:697be4a7cdb5be5ee8eae856dfe3ab75:conflict,fever_conflicting_evidence,false,,,,,,,,
fever:fa87d268e5f35d1de35f7547c9cbc3b5:conflict,fever_conflicting_evidence,false,,,,,,,,
fever:c02613736e8c4d6b36f116d112e3bc86:conflict,fever_conflicting_evidence,false,,,,,,,,
fever:f81ce647ee844696ef8aec7c27ddf1a6:conflict,fever_conflicting_evidence,false,,,,,,,,
fever:39e2c346d921b1cf928c335de87aff04:conflict,fever_conflicting_evidence,false,,,,,,,,
fever:7e49220e5edaed343eb66efc38bbde66:conflict,fever_conflicting_evidence,false,,,,,,,,
fever:4502f0f6a725828bf628a2e0e95e4827:conflict,fever_conflicting_evidence,false,,,,,,,,
fever:c7d03c435e1e49f8809b961413e74f41:conflict,fever_conflicting_evidence,false,,,,,,,,
fever:48723ea8d97deaf0a468fbb36c9cedd0:conflict,fever_conflicting_evidence,false,,,,,,,,
fever:ed2d858bee6b7e90b4bfd8100b2ee36b:conflict,fever_conflicting_evidence,false,,,,,,,,
fever:070284bdb13a90582798a9cbd47cf935:conflict,fever_conflicting_evidence,false,,,,,,,,
fever:131cfc71be48c87b8e807f505c0ee87e:conflict,fever_conflicting_evidence,false,,,,,,,,
fever:3aa664fedb88f162c5d611cf9d273bb7:conflict,fever_conflicting_evidence,false,,,,,,,,
fever:a02cf18b2eac563586ebc1e352083598:conflict,fever_conflicting_evidence,false,,,,,,,,
fever:529a2839d09a7858ac040a3e732c519c:conflict,fever_conflicting_evidence,false,,,,,,,,
fever:97737556c394b3e18ce3e6b9f9eabdbb:conflict,fever_conflicting_evidence,false,,,,,,,,
fever:1531275dbd33ef2bbfa7eaa4bab47b53:conflict,fever_conflicting_evidence,false,,,,,,,,
fever:03ddb7874b095517e3946eddf4a9ae93:conflict,fever_conflicting_evidence,false,,,,,,,,
fever:9ac434a13126a459f647dcc71fc26b53:conflict,fever_conflicting_evidence,false,,,,,,,,
fever:f3135bd72fb57473b4761652679f118c:conflict,fever_conflicting_evidence,false,,,,,,,,
fever:e6461b723d200bdb1d56a84e0b827d9d:conflict,fever_conflicting_evidence,false,,,,,,,,
fever:46ae093b5f3b07fdfcb6316c5915a319:conflict,fever_conflicting_evidence,false,,,,,,,,
fever:2560aeeebf15cc817b52f951600a3b86:conflict,fever_conflicting_evidence,false,,,,,,,,
fever:0f00537f8926837b07cf368a6fe3afca:conflict,fever_conflicting_evidence,false,,,,,,,,
fever:648fd83e744d6574fcf84bfe5744febf:conflict,fever_conflicting_evidence,false,,,,,,,,
fever:48b2532b293a2cab8e3afc11654a4abe:distractor,fever_distractor_only,false,,,,,,,,
fever:efaa1d474d21ffa19b63774688647fb9:distractor,fever_distractor_only,false,,,,,,,,
fever:697be4a7cdb5be5ee8eae856dfe3ab75:distractor,fever_distractor_only,false,,,,,,,,
fever:97737556c394b3e18ce3e6b9f9eabdbb:distractor,fever_distractor_only,false,,,,,,,,
fever:48723ea8d97deaf0a468fbb36c9cedd0:distractor,fever_distractor_only,false,,,,,,,,
fever:e8e982847f38d3d151e76bbee3385511:distractor,fever_distractor_only,false,,,,,,,,
fever:d8e4f82028e79370be91b72cb3243321:distractor,fever_distractor_only,false,,,,,,,,
fever:ff470cdb7d243445a931aac589d10bbd:distractor,fever_distractor_only,false,,,,,,,,
fever:5166717b91e5e96a4aaa480ad10d44fe:distractor,fever_distractor_only,false,,,,,,,,
fever:94cff231066cd7bb0dd7919d994b751e:distractor,fever_distractor_only,false,,,,,,,,
fever:6c60006fbb856fbe7ef9764a215a268f:distractor,fever_distractor_only,false,,,,,,,,
fever:f3135bd72fb57473b4761652679f118c:distractor,fever_distractor_only,false,,,,,,,,
fever:1aa8074ed9e9c0e067ffe4e8549ba980:distractor,fever_distractor_only,false,,,,,,,,
fever:e8dd28ce7eb625843cd6d471fa5de66d:distractor,fever_distractor_only,false,,,,,,,,
fever:da1717dbf4179f8c55a82e8ab97a109a:distractor,fever_distractor_only,false,,,,,,,,
fever:b29587d5dfb9a48a8e0710c300a57b1f:distractor,fever_distractor_only,false,,,,,,,,
fever:450866a5ce65fe94b2759f65a7155752:distractor,fever_distractor_only,false,,,,,,,,
fever:78326c73b6ac9cd78b43cec932d99f5f:distractor,fever_distractor_only,false,,,,,,,,
fever:9ac434a13126a459f647dcc71fc26b53:distractor,fever_distractor_only,false,,,,,,,,
fever:352195a8255b0fc104eb2517351810a0:distractor,fever_distractor_only,false,,,,,,,,
fever:eb384af117f6427842a64d72af225225:distractor,fever_distractor_only,false,,,,,,,,
fever:8386a16d42aff843b3f5900721ff8584:distractor,fever_distractor_only,false,,,,,,,,
fever:2568e20ea56b809ef9db9562b47bdf56:distractor,fever_distractor_only,false,,,,,,,,
fever:e74872c4c6b4af0ec627a0bc69f3f807:distractor,fever_distractor_only,false,,,,,,,,
fever:912b64cf4b82c40b539fa462d3e84f8b:distractor,fever_distractor_only,false,,,,,,,,
fever:4c821003029531e3aae8461f9233444d:distractor,fever_distractor_only,false,,,,,,,,
fever:7a56b2553b5fcf98ea4085b44e3a2600:distractor,fever_distractor_only,false,,,,,,,,
fever:a2971dec33bf81d8aeca396e7397d05a:distractor,fever_distractor_only,false,,,,,,,,
fever:08687c396180e95e1e1bdee2702b73eb:distractor,fever_distractor_only,false,,,,,,,,
fever:caa22f83df5ff965da375b1cbee38d11:distractor,fever_distractor_only,false,,,,,,,,
fever:e05a51cafbd8c4be0f3401856dce4d31:distractor,fever_distractor_only,false,,,,,,,,
fever:1531275dbd33ef2bbfa7eaa4bab47b53:distractor,fever_distractor_only,false,,,,,,,,
fever:c952e1b34e8381bbfa7e4e27c0e090c8:distractor,fever_distractor_only,false,,,,,,,,
fever:a558b71780b532c0c5c8b4cc010b9937:distractor,fever_distractor_only,false,,,,,,,,
fever:352a10eebee07d1e72be741f46d03776:distractor,fever_distractor_only,false,,,,,,,,
fever:2560aeeebf15cc817b52f951600a3b86:distractor,fever_distractor_only,false,,,,,,,,
fever:706d8195a18e25d6d723893ac042fd3d:distractor,fever_distractor_only,false,,,,,,,,
fever:4001e6fea30a352c518b00cdc3c72c5d:distractor,fever_distractor_only,false,,,,,,,,
fever:03ddb7874b095517e3946eddf4a9ae93:distractor,fever_distractor_only,false,,,,,,,,
fever:8a55cb21f71c74cb613680791b45534d:distractor,fever_distractor_only,false,,,,,,,,
fever:5d9282f0cb8850175acab6e07f0716da:distractor,fever_distractor_only,false,,,,,,,,
fever:e98601b95229fe29c1f23d942aae4cc1:distractor,fever_distractor_only,false,,,,,,,,
fever:5f70a237e4b9b1ef42d1a755c1913143:distractor,fever_distractor_only,false,,,,,,,,
fever:a3c732f232ac732ff23c1d4b3d2caff5:distractor,fever_distractor_only,false,,,,,,,,
fever:d7076e4b29c37658a48a2a0eb514ae9f:distractor,fever_distractor_only,false,,,,,,,,
fever:29f2f5412d825bfc833d7772f75a41d9:distractor,fever_distractor_only,false,,,,,,,,
fever:4336a732d713a27fc558b61c90f0f440:distractor,fever_distractor_only,false,,,,,,,,
fever:9ce7a3370a1ef433fd162ae2531e1295:distractor,fever_distractor_only,false,,,,,,,,
fever:263a20aa224b0498115e8b1f54e043c7:distractor,fever_distractor_only,false,,,,,,,,
fever:c0b9264aefc974f1819172e5853b9ea3:distractor,fever_distractor_only,false,,,,,,,,
fever:e6461b723d200bdb1d56a84e0b827d9d:distractor,fever_distractor_only,false,,,,,,,,
fever:4d02b2166649e414431e3244fe68fbe6:distractor,fever_distractor_only,false,,,,,,,,
fever:a04bdb08a0275fce436b121c75f2b417:distractor,fever_distractor_only,false,,,,,,,,
fever:59ab9a19f6ea398f9f2f88bf5d244676:distractor,fever_distractor_only,false,,,,,,,,
fever:1c919d3bd9415e094b481100bd7e86ae:distractor,fever_distractor_only,false,,,,,,,,
fever:d29ca7d0bfc4b6a14a336b76e635f787:distractor,fever_distractor_only,false,,,,,,,,
fever:5da5431d3ebafc97af8b86a08bcd9dda:distractor,fever_distractor_only,false,,,,,,,,
fever:0e77ccd90b21bb0340cc9744f8cd7293:distractor,fever_distractor_only,false,,,,,,,,
fever:2c69dec18578c87e49604859e7123cb6:distractor,fever_distractor_only,false,,,,,,,,
fever:ddbd2bc31b979f619ba48ecaabfaff15:distractor,fever_distractor_only,false,,,,,,,,
fever:7f6131290bb117022e3b06c9d77d6b48:distractor,fever_distractor_only,false,,,,,,,,
fever:8c26fbff2d3e8667542610aed07c901f:distractor,fever_distractor_only,false,,,,,,,,
fever:ac44a2875a3777beff22b7e3f2d2e820:distractor,fever_distractor_only,false,,,,,,,,
fever:bdf2025762f2bce2364cfbd7c44b5153:distractor,fever_distractor_only,false,,,,,,,,
fever:b25e32964523c07fd47e9cd1bb68b845:distractor,fever_distractor_only,false,,,,,,,,
fever:65995ca6f567ff1296003ff9a09ad24c:distractor,fever_distractor_only,false,,,,,,,,
fever:8b32776efdf86e56e1a42226239b351f:distractor,fever_distractor_only,false,,,,,,,,
fever:96f275ebb085417f02bf30881db222e0:distractor,fever_distractor_only,false,,,,,,,,
fever:5f44773eda213f81f065ea4227a93cad:distractor,fever_distractor_only,false,,,,,,,,
fever:13f69a0d0628a12b06c497e3cf57e0c2:distractor,fever_distractor_only,false,,,,,,,,
fever:0d15770b86fc6e5335073ae34b9ab18a:distractor,fever_distractor_only,false,,,,,,,,
fever:6cae8761aadd090898190c13560f94f1:distractor,fever_distractor_only,false,,,,,,,,
fever:9a2ce22de1acef55d9f23bc0b2c12e26:distractor,fever_distractor_only,false,,,,,,,,
fever:d7f433c1f5ddf49ead8f937ebc4e7f8d:distractor,fever_distractor_only,false,,,,,,,,
fever:529a2839d09a7858ac040a3e732c519c:distractor,fever_distractor_only,false,,,,,,,,
fever:46ae093b5f3b07fdfcb6316c5915a319:distractor,fever_distractor_only,false,,,,,,,,
fever:80f8cfd297e7f514760bf6c9db35d833:distractor,fever_distractor_only,false,,,,,,,,
fever:138502e1584cfb3ea12a6ec42d4485fe:distractor,fever_distractor_only,false,,,,,,,,
fever:88b675642d3f41ce5b3138541809b6c2:distractor,fever_distractor_only,false,,,,,,,,
fever:4f99160cf65dc9e25cb7a99e04e8688c:distractor,fever_distractor_only,false,,,,,,,,
fever:a02cf18b2eac563586ebc1e352083598:distractor,fever_distractor_only,false,,,,,,,,
fever:eef6bd3d396ee24873d0517fe83cb858:distractor,fever_distractor_only,false,,,,,,,,
fever:3965d777f70e043a1b494847f2d4ea0a:distractor,fever_distractor_only,false,,,,,,,,
fever:d2bd42eaa9cedda8c0c915a7710e6b40:distractor,fever_distractor_only,false,,,,,,,,
fever:fcc1d92fc984e19b6e2bd1e54e8dec75:distractor,fever_distractor_only,false,,,,,,,,
fever:fb605794ab070bd33410c5dcb0138df8:distractor,fever_distractor_only,false,,,,,,,,
fever:070284bdb13a90582798a9cbd47cf935:distractor,fever_distractor_only,false,,,,,,,,
fever:3aa664fedb88f162c5d611cf9d273bb7:distractor,fever_distractor_only,false,,,,,,,,
fever:e12e32729e391a93597d4c7e2b63f99e:distractor,fever_distractor_only,false,,,,,,,,
fever:7262438b53a6ab5056c1fc8992d1a0ad:distractor,fever_distractor_only,false,,,,,,,,
fever:ed2d858bee6b7e90b4bfd8100b2ee36b:distractor,fever_distractor_only,false,,,,,,,,
fever:8271ce90baa00f515d54574c0a278cde:distractor,fever_distractor_only,false,,,,,,,,
fever:7a02b00ea079b96cb33a7782dfb2c059:distractor,fever_distractor_only,false,,,,,,,,
fever:e664966e5d4221ca1c89f8dcaafa9b2b:distractor,fever_distractor_only,false,,,,,,,,
fever:cbddc41e8b7411878164fba2271610d3:distractor,fever_distractor_only,false,,,,,,,,
fever:c02613736e8c4d6b36f116d112e3bc86:distractor,fever_distractor_only,false,,,,,,,,
fever:0f842bac1810fe5262c7a8aa4d5cde6b:distractor,fever_distractor_only,false,,,,,,,,
fever:bf31960b89ab228bd7a1e84c3206eb4c:distractor,fever_distractor_only,false,,,,,,,,
fever:cf683703b3a361c8aed05950f601332f:distractor,fever_distractor_only,false,,,,,,,,
fever:4e9239e9e3fd26fd8bd5dbdccdf235af:distractor,fever_distractor_only,false,,,,,,,,
fever:c5be6fa5aa32762ecaf98fcba95eb911:fragile_mixed,fever_fragile_mixed,false,,,,,,,,
fever:0d15770b86fc6e5335073ae34b9ab18a:fragile_mixed,fever_fragile_mixed,false,,,,,,,,
fever:1cf6a228fa232b12d036954303bc8c9e:fragile_mixed,fever_fragile_mixed,false,,,,,,,,
fever:d490e5ddc449cbad1a613cc55ef16c6e:fragile_mixed,fever_fragile_mixed,false,,,,,,,,
fever:e624efc2e568f7888482fd319c5a69ba:fragile_mixed,fever_fragile_mixed,false,,,,,,,,
fever:016714803910e36a4d8f16b464dcb617:fragile_mixed,fever_fragile_mixed,false,,,,,,,,
fever:750b9a1dc5d5b0603b17728f34159eb7:fragile_mixed,fever_fragile_mixed,false,,,,,,,,
fever:2eeb3da68ff17ff2eb11278d44095d5f:fragile_mixed,fever_fragile_mixed,false,,,,,,,,
fever:4d02b2166649e414431e3244fe68fbe6:fragile_mixed,fever_fragile_mixed,false,,,,,,,,
fever:00e72a959299955a3b268d96dafdd5ff:fragile_mixed,fever_fragile_mixed,false,,,,,,,,
fever:7f6131290bb117022e3b06c9d77d6b48:fragile_mixed,fever_fragile_mixed,false,,,,,,,,
fever:f81ce647ee844696ef8aec7c27ddf1a6:fragile_mixed,fever_fragile_mixed,false,,,,,,,,
fever:a1a8ba0089051685ae5c082b69ce2bce:fragile_mixed,fever_fragile_mixed,false,,,,,,,,
fever:caa22f83df5ff965da375b1cbee38d11:fragile_mixed,fever_fragile_mixed,false,,,,,,,,
fever:562d69d6c90f3abd6c404931d754390c:fragile_mixed,fever_fragile_mixed,false,,,,,,,,
fever:d7076e4b29c37658a48a2a0eb514ae9f:fragile_mixed,fever_fragile_mixed,false,,,,,,,,
fever:a558b71780b532c0c5c8b4cc010b9937:fragile_mixed,fever_fragile_mixed,false,,,,,,,,
fever:6cae8761aadd090898190c13560f94f1:fragile_mixed,fever_fragile_mixed,false,,,,,,,,
fever:7a02b00ea079b96cb33a7782dfb2c059:fragile_mixed,fever_fragile_mixed,false,,,,,,,,
fever:48723ea8d97deaf0a468fbb36c9cedd0:fragile_mixed,fever_fragile_mixed,false,,,,,,,,
fever:f3cffe1ebb230874242b5217148b5261:fragile_mixed,fever_fragile_mixed,false,,,,,,,,
fever:263a20aa224b0498115e8b1f54e043c7:fragile_mixed,fever_fragile_mixed,false,,,,,,,,
fever:5defcc455306f762686b902b87b6fcff:fragile_mixed,fever_fragile_mixed,false,,,,,,,,
fever:96f275ebb085417f02bf30881db222e0:fragile_mixed,fever_fragile_mixed,false,,,,,,,,
fever:d54a071d44f70a85f0b5f4674e3728a6:fragile_mixed,fever_fragile_mixed,false,,,,,,,,
fever:4001e6fea30a352c518b00cdc3c72c5d:fragile_mixed,fever_fragile_mixed,false,,,,,,,,
fever:070284bdb13a90582798a9cbd47cf935:fragile_mixed,fever_fragile_mixed,false,,,,,,,,
fever:5f44773eda213f81f065ea4227a93cad:fragile_mixed,fever_fragile_mixed,false,,,,,,,,
fever:352a10eebee07d1e72be741f46d03776:fragile_mixed,fever_fragile_mixed,false,,,,,,,,
fever:efaa1d474d21ffa19b63774688647fb9:fragile_mixed,fever_fragile_mixed,false,,,,,,,,
fever:5166717b91e5e96a4aaa480ad10d44fe:fragile_mixed,fever_fragile_mixed,false,,,,,,,,
fever:4f99160cf65dc9e25cb7a99e04e8688c:fragile_mixed,fever_fragile_mixed,false,,,,,,,,
fever:88b675642d3f41ce5b3138541809b6c2:fragile_mixed,fever_fragile_mixed,false,,,,,,,,
fever:14095b6ea15f4cf496d00faf9966928f:fragile_mixed,fever_fragile_mixed,false,,,,,,,,
fever:3d9e9e2b76514d5c75279c270668d433:fragile_mixed,fever_fragile_mixed,false,,,,,,,,
fever:c02613736e8c4d6b36f116d112e3bc86:fragile_mixed,fever_fragile_mixed,false,,,,,,,,
fever:97737556c394b3e18ce3e6b9f9eabdbb:fragile_mixed,fever_fragile_mixed,false,,,,,,,,
fever:070dbd16a014f434e820abb15c786eec:fragile_mixed,fever_fragile_mixed,false,,,,,,,,
fever:450866a5ce65fe94b2759f65a7155752:fragile_mixed,fever_fragile_mixed,false,,,,,,,,
fever:cbddc41e8b7411878164fba2271610d3:fragile_mixed,fever_fragile_mixed,false,,,,,,,,
fever:912b64cf4b82c40b539fa462d3e84f8b:fragile_mixed,fever_fragile_mixed,false,,,,,,,,
fever:373522a185b9e37e578d6c47137ca214:fragile_mixed,fever_fragile_mixed,false,,,,,,,,
fever:4c821003029531e3aae8461f9233444d:fragile_mixed,fever_fragile_mixed,false,,,,,,,,
fever:648fd83e744d6574fcf84bfe5744febf:fragile_mixed,fever_fragile_mixed,false,,,,,,,,
fever:e12e32729e391a93597d4c7e2b63f99e:fragile_mixed,fever_fragile_mixed,false,,,,,,,,
fever:d2e26ecbb24fb977985f8eac645afddb:fragile_mixed,fever_fragile_mixed,false,,,,,,,,
fever:6383289a5759f26a092647fa55a3a4c6:fragile_mixed,fever_fragile_mixed,false,,,,,,,,
fever:117ef49f8265ae4b19fcd297c012ece4:fragile_mixed,fever_fragile_mixed,false,,,,,,,,
fever:8c26fbff2d3e8667542610aed07c901f:fragile_mixed,fever_fragile_mixed,false,,,,,,,,
fever:3965d777f70e043a1b494847f2d4ea0a:fragile_mixed,fever_fragile_mixed,false,,,,,,,,
fever:9e746b3be3caeb4bbdd5be0c60d9a086:fragile_mixed,fever_fragile_mixed,false,,,,,,,,
fever:e8dd28ce7eb625843cd6d471fa5de66d:fragile_mixed,fever_fragile_mixed,false,,,,,,,,
fever:5c1ab8399b08759c278e2128316319f4:fragile_mixed,fever_fragile_mixed,false,,,,,,,,
fever:66dbe6665f579870b846c238050483f6:fragile_mixed,fever_fragile_mixed,false,,,,,,,,
fever:13f69a0d0628a12b06c497e3cf57e0c2:fragile_mixed,fever_fragile_mixed,false,,,,,,,,
fever:5d9282f0cb8850175acab6e07f0716da:fragile_mixed,fever_fragile_mixed,false,,,,,,,,
fever:08687c396180e95e1e1bdee2702b73eb:fragile_mixed,fever_fragile_mixed,false,,,,,,,,
fever:a3c732f232ac732ff23c1d4b3d2caff5:fragile_mixed,fever_fragile_mixed,false,,,,,,,,
fever:e78bf9a76368d6c5284f5f7bbd1efc87:fragile_mixed,fever_fragile_mixed,false,,,,,,,,
fever:779a260fbd28c6c5d956bc7d9588db89:fragile_mixed,fever_fragile_mixed,false,,,,,,,,
fever:2dbd0b3bcce895af1d6a589162c0e985:fragile_mixed,fever_fragile_mixed,false,,,,,,,,
fever:131cfc71be48c87b8e807f505c0ee87e:fragile_mixed,fever_fragile_mixed,false,,,,,,,,
fever:7a3f3e8a3ad72fcfcc5ff5df1847ba42:fragile_mixed,fever_fragile_mixed,false,,,,,,,,
fever:d07b20fe37b03c55b8aeade4cbdd82ed:fragile_mixed,fever_fragile_mixed,false,,,,,,,,
fever:9ac434a13126a459f647dcc71fc26b53:fragile_mixed,fever_fragile_mixed,false,,,,,,,,
fever:d747a654061e5abcb215f13dbe104bf5:fragile_mixed,fever_fragile_mixed,false,,,,,,,,
fever:0f842bac1810fe5262c7a8aa4d5cde6b:fragile_mixed,fever_fragile_mixed,false,,,,,,,,
fever:8271ce90baa00f515d54574c0a278cde:fragile_mixed,fever_fragile_mixed,false,,,,,,,,
fever:5739b440eb97db04781ccbe77c94c88f:fragile_mixed,fever_fragile_mixed,false,,,,,,,,
fever:1aa8074ed9e9c0e067ffe4e8549ba980:fragile_mixed,fever_fragile_mixed,false,,,,,,,,
fever:0e77ccd90b21bb0340cc9744f8cd7293:fragile_mixed,fever_fragile_mixed,false,,,,,,,,
fever:bdf2025762f2bce2364cfbd7c44b5153:fragile_mixed,fever_fragile_mixed,false,,,,,,,,
fever:5906c0b9404671c031ce851ac076ac6c:fragile_mixed,fever_fragile_mixed,false,,,,,,,,
fever:9ce7a3370a1ef433fd162ae2531e1295:fragile_mixed,fever_fragile_mixed,false,,,,,,,,
fever:eef6bd3d396ee24873d0517fe83cb858:fragile_mixed,fever_fragile_mixed,false,,,,,,,,
fever:e05a51cafbd8c4be0f3401856dce4d31:fragile_mixed,fever_fragile_mixed,false,,,,,,,,
fever:7e9762ee6c4efa13ed99af56637216f1:fragile_mixed,fever_fragile_mixed,false,,,,,,,,
fever:5eb1618cac89af2215389bb419642276:fragile_mixed,fever_fragile_mixed,false,,,,,,,,
fever:e9110149657e516818e7ce09a006d094:fragile_mixed,fever_fragile_mixed,false,,,,,,,,
fever:a2971dec33bf81d8aeca396e7397d05a:fragile_mixed,fever_fragile_mixed,false,,,,,,,,
fever:39e2c346d921b1cf928c335de87aff04:fragile_mixed,fever_fragile_mixed,false,,,,,,,,
fever:d7f433c1f5ddf49ead8f937ebc4e7f8d:fragile_mixed,fever_fragile_mixed,false,,,,,,,,
fever:c0b9264aefc974f1819172e5853b9ea3:fragile_mixed,fever_fragile_mixed,false,,,,,,,,
fever:b25e32964523c07fd47e9cd1bb68b845:fragile_mixed,fever_fragile_mixed,false,,,,,,,,
fever:706d8195a18e25d6d723893ac042fd3d:fragile_mixed,fever_fragile_mixed,false,,,,,,,,
fever:4ac6e39cbcb8375cd80cb19d448655ed:fragile_mixed,fever_fragile_mixed,false,,,,,,,,
fever:bf60221bca57c62e706cc3cd186b1a6b:fragile_mixed,fever_fragile_mixed,false,,,,,,,,
fever:46ae093b5f3b07fdfcb6316c5915a319:fragile_mixed,fever_fragile_mixed,false,,,,,,,,
fever:3aa664fedb88f162c5d611cf9d273bb7:fragile_mixed,fever_fragile_mixed,false,,,,,,,,
fever:0c974ed9bd56330b3e869c37ec82fbe6:fragile_mixed,fever_fragile_mixed,false,,,,,,,,
fever:2568e20ea56b809ef9db9562b47bdf56:fragile_mixed,fever_fragile_mixed,false,,,,,,,,
fever:f0599bdcc6eea6fbaad0037c13f6b14c:fragile_mixed,fever_fragile_mixed,false,,,,,,,,
fever:4357603c17ddb98b923af8774f0f8ca4:fragile_mixed,fever_fragile_mixed,false,,,,,,,,
fever:71cc17ff9fc1dcb0ebbfa8ced12d8677:fragile_mixed,fever_fragile_mixed,false,,,,,,,,
fever:a02cf18b2eac563586ebc1e352083598:fragile_mixed,fever_fragile_mixed,false,,,,,,,,
fever:ee31832067dcc51caed85b175103dabd:fragile_mixed,fever_fragile_mixed,false,,,,,,,,
fever:0b0dda32d23748d1f1d54a53aec59f0f:fragile_mixed,fever_fragile_mixed,false,,,,,,,,
fever:b29587d5dfb9a48a8e0710c300a57b1f:fragile_mixed,fever_fragile_mixed,false,,,,,,,,
fever:1531275dbd33ef2bbfa7eaa4bab47b53:fragile_mixed,fever_fragile_mixed,false,,,,,,,,
fever:8a55cb21f71c74cb613680791b45534d:fragile_mixed,fever_fragile_mixed,false,,,,,,,,
fever:d2bd42eaa9cedda8c0c915a7710e6b40:missing,fever_missing_evidence,false,,,,,,,,
fever:3aa664fedb88f162c5d611cf9d273bb7:missing,fever_missing_evidence,false,,,,,,,,
fever:263a20aa224b0498115e8b1f54e043c7:missing,fever_missing_evidence,false,,,,,,,,
fever:bdf2025762f2bce2364cfbd7c44b5153:missing,fever_missing_evidence,false,,,,,,,,
fever:7a3f3e8a3ad72fcfcc5ff5df1847ba42:missing,fever_missing_evidence,false,,,,,,,,
fever:458d959ed703974e931e01e37a5b84d6:missing,fever_missing_evidence,false,,,,,,,,
fever:c5be6fa5aa32762ecaf98fcba95eb911:missing,fever_missing_evidence,false,,,,,,,,
fever:6cae8761aadd090898190c13560f94f1:missing,fever_missing_evidence,false,,,,,,,,
fever:7fdadfb799922d657108dd8c28010309:missing,fever_missing_evidence,false,,,,,,,,
fever:5f44773eda213f81f065ea4227a93cad:missing,fever_missing_evidence,false,,,,,,,,
fever:e9110149657e516818e7ce09a006d094:missing,fever_missing_evidence,false,,,,,,,,
fever:14095b6ea15f4cf496d00faf9966928f:missing,fever_missing_evidence,false,,,,,,,,
fever:ee31832067dcc51caed85b175103dabd:missing,fever_missing_evidence,false,,,,,,,,
fever:0f00537f8926837b07cf368a6fe3afca:missing,fever_missing_evidence,false,,,,,,,,
fever:131cfc71be48c87b8e807f505c0ee87e:missing,fever_missing_evidence,false,,,,,,,,
fever:c0cf40b107f7b1f40b76c248a952df85:missing,fever_missing_evidence,false,,,,,,,,
fever:4ac6e39cbcb8375cd80cb19d448655ed:missing,fever_missing_evidence,false,,,,,,,,
fever:0b0dda32d23748d1f1d54a53aec59f0f:missing,fever_missing_evidence,false,,,,,,,,
fever:5eb1618cac89af2215389bb419642276:missing,fever_missing_evidence,false,,,,,,,,
fever:041950587b060637115ce19b062ec60d:missing,fever_missing_evidence,false,,,,,,,,
fever:80f8cfd297e7f514760bf6c9db35d833:missing,fever_missing_evidence,false,,,,,,,,
fever:0c974ed9bd56330b3e869c37ec82fbe6:missing,fever_missing_evidence,false,,,,,,,,
fever:7f6131290bb117022e3b06c9d77d6b48:missing,fever_missing_evidence,false,,,,,,,,
fever:1531275dbd33ef2bbfa7eaa4bab47b53:missing,fever_missing_evidence,false,,,,,,,,
fever:c952e1b34e8381bbfa7e4e27c0e090c8:missing,fever_missing_evidence,false,,,,,,,,
fever:1cf6a228fa232b12d036954303bc8c9e:missing,fever_missing_evidence,false,,,,,,,,
fever:fcc1d92fc984e19b6e2bd1e54e8dec75:missing,fever_missing_evidence,false,,,,,,,,
fever:3d9e9e2b76514d5c75279c270668d433:missing,fever_missing_evidence,false,,,,,,,,
fever:03ddb7874b095517e3946eddf4a9ae93:missing,fever_missing_evidence,false,,,,,,,,
fever:a3c732f232ac732ff23c1d4b3d2caff5:missing,fever_missing_evidence,false,,,,,,,,
fever:2568e20ea56b809ef9db9562b47bdf56:missing,fever_missing_evidence,false,,,,,,,,
fever:bb270772eefd4f9e8e966107295800d5:missing,fever_missing_evidence,false,,,,,,,,
fever:d8402c85e9e2cddc52f225065671ba73:missing,fever_missing_evidence,false,,,,,,,,
fever:2a276e2022df54b04d64be48c3ed7501:missing,fever_missing_evidence,false,,,,,,,,
fever:fa87d268e5f35d1de35f7547c9cbc3b5:missing,fever_missing_evidence,false,,,,,,,,
fever:c0b9264aefc974f1819172e5853b9ea3:missing,fever_missing_evidence,false,,,,,,,,
fever:d54a071d44f70a85f0b5f4674e3728a6:missing,fever_missing_evidence,false,,,,,,,,
fever:59ab9a19f6ea398f9f2f88bf5d244676:missing,fever_missing_evidence,false,,,,,,,,
fever:e9a002d9b8a6e29528cc5c22393f0953:missing,fever_missing_evidence,false,,,,,,,,
fever:5f70a237e4b9b1ef42d1a755c1913143:missing,fever_missing_evidence,false,,,,,,,,
fever:fc0f519782d391fdde79f96705ec724d:missing,fever_missing_evidence,false,,,,,,,,
fever:4f99160cf65dc9e25cb7a99e04e8688c:missing,fever_missing_evidence,false,,,,,,,,
fever:5c1ab8399b08759c278e2128316319f4:missing,fever_missing_evidence,false,,,,,,,,
fever:19d154b252781cf6a94c5bf6c6acdc74:missing,fever_missing_evidence,false,,,,,,,,
fever:66dbe6665f579870b846c238050483f6:missing,fever_missing_evidence,false,,,,,,,,
fever:16c16ed2601f7791327a95bc85504219:missing,fever_missing_evidence,false,,,,,,,,
fever:a1a8ba0089051685ae5c082b69ce2bce:missing,fever_missing_evidence,false,,,,,,,,
fever:cb94bfa98e3c53d6e13fedd241d1cc92:missing,fever_missing_evidence,false,,,,,,,,
fever:eae53021506f1daf25c8fba603922361:missing,fever_missing_evidence,false,,,,,,,,
fever:f3cffe1ebb230874242b5217148b5261:missing,fever_missing_evidence,false,,,,,,,,
fever:0352c46cbab8c3edb420e3b843323d42:missing,fever_missing_evidence,false,,,,,,,,
fever:bbc16c0dcf30a312d3eea2944d000565:missing,fever_missing_evidence,false,,,,,,,,
fever:39e2c346d921b1cf928c335de87aff04:missing,fever_missing_evidence,false,,,,,,,,
fever:d2e0624c75b4423e9e136d045f8dcc2e:missing,fever_missing_evidence,false,,,,,,,,
fever:eef6bd3d396ee24873d0517fe83cb858:missing,fever_missing_evidence,false,,,,,,,,
fever:9e746b3be3caeb4bbdd5be0c60d9a086:missing,fever_missing_evidence,false,,,,,,,,
fever:6383289a5759f26a092647fa55a3a4c6:missing,fever_missing_evidence,false,,,,,,,,
fever:a2971dec33bf81d8aeca396e7397d05a:missing,fever_missing_evidence,false,,,,,,,,
fever:ff470cdb7d243445a931aac589d10bbd:missing,fever_missing_evidence,false,,,,,,,,
fever:697be4a7cdb5be5ee8eae856dfe3ab75:missing,fever_missing_evidence,false,,,,,,,,
fever:5d9282f0cb8850175acab6e07f0716da:missing,fever_missing_evidence,false,,,,,,,,
fever:016714803910e36a4d8f16b464dcb617:missing,fever_missing_evidence,false,,,,,,,,
fever:88b675642d3f41ce5b3138541809b6c2:missing,fever_missing_evidence,false,,,,,,,,
fever:3965d777f70e043a1b494847f2d4ea0a:missing,fever_missing_evidence,false,,,,,,,,
fever:1c919d3bd9415e094b481100bd7e86ae:missing,fever_missing_evidence,false,,,,,,,,
fever:2eeb3da68ff17ff2eb11278d44095d5f:missing,fever_missing_evidence,false,,,,,,,,
fever:f3135bd72fb57473b4761652679f118c:missing,fever_missing_evidence,false,,,,,,,,
fever:912b64cf4b82c40b539fa462d3e84f8b:missing,fever_missing_evidence,false,,,,,,,,
fever:5aa0827e87352d3ddcb9acd557ea7fbb:missing,fever_missing_evidence,false,,,,,,,,
fever:5739b440eb97db04781ccbe77c94c88f:missing,fever_missing_evidence,false,,,,,,,,
fever:5166717b91e5e96a4aaa480ad10d44fe:missing,fever_missing_evidence,false,,,,,,,,
fever:aa1a662075592f4ef80c8ba83531db09:missing,fever_missing_evidence,false,,,,,,,,
fever:1aa8074ed9e9c0e067ffe4e8549ba980:missing,fever_missing_evidence,false,,,,,,,,
fever:117ef49f8265ae4b19fcd297c012ece4:missing,fever_missing_evidence,false,,,,,,,,
fever:08687c396180e95e1e1bdee2702b73eb:missing,fever_missing_evidence,false,,,,,,,,
fever:529a2839d09a7858ac040a3e732c519c:missing,fever_missing_evidence,false,,,,,,,,
fever:b29587d5dfb9a48a8e0710c300a57b1f:missing,fever_missing_evidence,false,,,,,,,,
fever:779a260fbd28c6c5d956bc7d9588db89:missing,fever_missing_evidence,false,,,,,,,,
fever:cbddc41e8b7411878164fba2271610d3:missing,fever_missing_evidence,false,,,,,,,,
fever:4357603c17ddb98b923af8774f0f8ca4:missing,fever_missing_evidence,false,,,,,,,,
fever:070dbd16a014f434e820abb15c786eec:missing,fever_missing_evidence,false,,,,,,,,
fever:f5eb4a36e04264eecd93d070f2bd92a3:missing,fever_missing_evidence,false,,,,,,,,
fever:d2e26ecbb24fb977985f8eac645afddb:missing,fever_missing_evidence,false,,,,,,,,
fever:2de22e8ed1fb3f70661b4c4d3a947c7c:missing,fever_missing_evidence,false,,,,,,,,
fever:070284bdb13a90582798a9cbd47cf935:missing,fever_missing_evidence,false,,,,,,,,
fever:d29ca7d0bfc4b6a14a336b76e635f787:missing,fever_missing_evidence,false,,,,,,,,
fever:7e49220e5edaed343eb66efc38bbde66:missing,fever_missing_evidence,false,,,,,,,,
fever:e6461b723d200bdb1d56a84e0b827d9d:missing,fever_missing_evidence,false,,,,,,,,
fever:8c26fbff2d3e8667542610aed07c901f:missing,fever_missing_evidence,false,,,,,,,,
fever:5da5431d3ebafc97af8b86a08bcd9dda:missing,fever_missing_evidence,false,,,,,,,,
fever:46ae093b5f3b07fdfcb6316c5915a319:missing,fever_missing_evidence,false,,,,,,,,
fever:4d02b2166649e414431e3244fe68fbe6:missing,fever_missing_evidence,false,,,,,,,,
fever:d490e5ddc449cbad1a613cc55ef16c6e:missing,fever_missing_evidence,false,,,,,,,,
fever:d07b20fe37b03c55b8aeade4cbdd82ed:missing,fever_missing_evidence,false,,,,,,,,
fever:94cff231066cd7bb0dd7919d994b751e:missing,fever_missing_evidence,false,,,,,,,,
fever:92f72d803dbdab1b37e62da05298a931:missing,fever_missing_evidence,false,,,,,,,,
fever:8271ce90baa00f515d54574c0a278cde:missing,fever_missing_evidence,false,,,,,,,,
fever:4c821003029531e3aae8461f9233444d:missing,fever_missing_evidence,false,,,,,,,,
fever:bf60221bca57c62e706cc3cd186b1a6b:missing,fever_missing_evidence,false,,,,,,,,
fever:2dbd0b3bcce895af1d6a589162c0e985:missing,fever_missing_evidence,false,,,,,,,,
fever:779a260fbd28c6c5d956bc7d9588db89:near_miss_dilution,fever_near_miss_dilution,false,,,,,,,,
fever:70760655916389cdcd1c477e0f27ab8d:near_miss_dilution,fever_near_miss_dilution,false,,,,,,,,
fever:3afbb7e573c19bd10135552a58052f8f:near_miss_dilution,fever_near_miss_dilution,false,,,,,,,,
fever:d490e5ddc449cbad1a613cc55ef16c6e:near_miss_dilution,fever_near_miss_dilution,false,,,,,,,,
fever:bbc16c0dcf30a312d3eea2944d000565:near_miss_dilution,fever_near_miss_dilution,false,,,,,,,,
fever:7a3f3e8a3ad72fcfcc5ff5df1847ba42:near_miss_dilution,fever_near_miss_dilution,false,,,,,,,,
fever:2de22e8ed1fb3f70661b4c4d3a947c7c:near_miss_dilution,fever_near_miss_dilution,false,,,,,,,,
fever:7fdadfb799922d657108dd8c28010309:near_miss_dilution,fever_near_miss_dilution,false,,,,,,,,
fever:6383289a5759f26a092647fa55a3a4c6:near_miss_dilution,fever_near_miss_dilution,false,,,,,,,,
fever:c807cc00657faf66335288f65a631830:near_miss_dilution,fever_near_miss_dilution,false,,,,,,,,
fever:4c821003029531e3aae8461f9233444d:near_miss_dilution,fever_near_miss_dilution,false,,,,,,,,
fever:ddbd2bc31b979f619ba48ecaabfaff15:near_miss_dilution,fever_near_miss_dilution,false,,,,,,,,
fever:e78bf9a76368d6c5284f5f7bbd1efc87:near_miss_dilution,fever_near_miss_dilution,false,,,,,,,,
fever:458d959ed703974e931e01e37a5b84d6:near_miss_dilution,fever_near_miss_dilution,false,,,,,,,,
fever:4ac6e39cbcb8375cd80cb19d448655ed:near_miss_dilution,fever_near_miss_dilution,false,,,,,,,,
fever:a02cf18b2eac563586ebc1e352083598:near_miss_dilution,fever_near_miss_dilution,false,,,,,,,,
fever:97737556c394b3e18ce3e6b9f9eabdbb:near_miss_dilution,fever_near_miss_dilution,false,,,,,,,,
fever:9a2ce22de1acef55d9f23bc0b2c12e26:near_miss_dilution,fever_near_miss_dilution,false,,,,,,,,
fever:5166717b91e5e96a4aaa480ad10d44fe:near_miss_dilution,fever_near_miss_dilution,false,,,,,,,,
fever:5da5431d3ebafc97af8b86a08bcd9dda:near_miss_dilution,fever_near_miss_dilution,false,,,,,,,,
fever:070dbd16a014f434e820abb15c786eec:near_miss_dilution,fever_near_miss_dilution,false,,,,,,,,
fever:2eeb3da68ff17ff2eb11278d44095d5f:near_miss_dilution,fever_near_miss_dilution,false,,,,,,,,
fever:041950587b060637115ce19b062ec60d:near_miss_dilution,fever_near_miss_dilution,false,,,,,,,,
fever:4d02b2166649e414431e3244fe68fbe6:near_miss_dilution,fever_near_miss_dilution,false,,,,,,,,
fever:4e9239e9e3fd26fd8bd5dbdccdf235af:near_miss_dilution,fever_near_miss_dilution,false,,,,,,,,
fever:bdf2025762f2bce2364cfbd7c44b5153:near_miss_dilution,fever_near_miss_dilution,false,,,,,,,,
fever:912b64cf4b82c40b539fa462d3e84f8b:near_miss_dilution,fever_near_miss_dilution,false,,,,,,,,
fever:8b32776efdf86e56e1a42226239b351f:near_miss_dilution,fever_near_miss_dilution,false,,,,,,,,
fever:9ac434a13126a459f647dcc71fc26b53:near_miss_dilution,fever_near_miss_dilution,false,,,,,,,,
fever:db98ccda02c4297037258ef3796b649d:near_miss_dilution,fever_near_miss_dilution,false,,,,,,,,
fever:6df8c9ce0f6d989017317b5dab21f5e5:near_miss_dilution,fever_near_miss_dilution,false,,,,,,,,
fever:d2bd42eaa9cedda8c0c915a7710e6b40:near_miss_dilution,fever_near_miss_dilution,false,,,,,,,,
fever:e6461b723d200bdb1d56a84e0b827d9d:near_miss_dilution,fever_near_miss_dilution,false,,,,,,,,
fever:4336a732d713a27fc558b61c90f0f440:near_miss_dilution,fever_near_miss_dilution,false,,,,,,,,
fever:e12e32729e391a93597d4c7e2b63f99e:near_miss_dilution,fever_near_miss_dilution,false,,,,,,,,
fever:65995ca6f567ff1296003ff9a09ad24c:near_miss_dilution,fever_near_miss_dilution,false,,,,,,,,
fever:6cae8761aadd090898190c13560f94f1:near_miss_dilution,fever_near_miss_dilution,false,,,,,,,,
fever:5f70a237e4b9b1ef42d1a755c1913143:near_miss_dilution,fever_near_miss_dilution,false,,,,,,,,
fever:29f2f5412d825bfc833d7772f75a41d9:near_miss_dilution,fever_near_miss_dilution,false,,,,,,,,
fever:7a56b2553b5fcf98ea4085b44e3a2600:near_miss_dilution,fever_near_miss_dilution,false,,,,,,,,
fever:a3c732f232ac732ff23c1d4b3d2caff5:near_miss_dilution,fever_near_miss_dilution,false,,,,,,,,
fever:138502e1584cfb3ea12a6ec42d4485fe:near_miss_dilution,fever_near_miss_dilution,false,,,,,,,,
fever:fb605794ab070bd33410c5dcb0138df8:near_miss_dilution,fever_near_miss_dilution,false,,,,,,,,
fever:48b2532b293a2cab8e3afc11654a4abe:near_miss_dilution,fever_near_miss_dilution,false,,,,,,,,
fever:3965d777f70e043a1b494847f2d4ea0a:near_miss_dilution,fever_near_miss_dilution,false,,,,,,,,
fever:ee31832067dcc51caed85b175103dabd:near_miss_dilution,fever_near_miss_dilution,false,,,,,,,,
fever:9293053261bd11864297fff006954b5d:near_miss_dilution,fever_near_miss_dilution,false,,,,,,,,
fever:c02613736e8c4d6b36f116d112e3bc86:near_miss_dilution,fever_near_miss_dilution,false,,,,,,,,
fever:2ce8305d97542bce4894eb8ec1de118b:near_miss_dilution,fever_near_miss_dilution,false,,,,,,,,
fever:88b675642d3f41ce5b3138541809b6c2:near_miss_dilution,fever_near_miss_dilution,false,,,,,,,,
fever:070284bdb13a90582798a9cbd47cf935:near_miss_dilution,fever_near_miss_dilution,false,,,,,,,,
fever:1c919d3bd9415e094b481100bd7e86ae:near_miss_dilution,fever_near_miss_dilution,false,,,,,,,,
fever:529a2839d09a7858ac040a3e732c519c:near_miss_dilution,fever_near_miss_dilution,false,,,,,,,,
fever:5d9282f0cb8850175acab6e07f0716da:near_miss_dilution,fever_near_miss_dilution,false,,,,,,,,
fever:ff470cdb7d243445a931aac589d10bbd:near_miss_dilution,fever_near_miss_dilution,false,,,,,,,,
fever:bf60221bca57c62e706cc3cd186b1a6b:near_miss_dilution,fever_near_miss_dilution,false,,,,,,,,
fever:0f842bac1810fe5262c7a8aa4d5cde6b:near_miss_dilution,fever_near_miss_dilution,false,,,,,,,,
fever:71cc17ff9fc1dcb0ebbfa8ced12d8677:near_miss_dilution,fever_near_miss_dilution,false,,,,,,,,
fever:3aa664fedb88f162c5d611cf9d273bb7:near_miss_dilution,fever_near_miss_dilution,false,,,,,,,,
fever:0352c46cbab8c3edb420e3b843323d42:near_miss_dilution,fever_near_miss_dilution,false,,,,,,,,
fever:f5eb4a36e04264eecd93d070f2bd92a3:near_miss_dilution,fever_near_miss_dilution,false,,,,,,,,
fever:9e746b3be3caeb4bbdd5be0c60d9a086:near_miss_dilution,fever_near_miss_dilution,false,,,,,,,,
fever:2568e20ea56b809ef9db9562b47bdf56:near_miss_dilution,fever_near_miss_dilution,false,,,,,,,,
fever:f3135bd72fb57473b4761652679f118c:near_miss_dilution,fever_near_miss_dilution,false,,,,,,,,
fever:648fd83e744d6574fcf84bfe5744febf:near_miss_dilution,fever_near_miss_dilution,false,,,,,,,,
fever:aa1a662075592f4ef80c8ba83531db09:near_miss_dilution,fever_near_miss_dilution,false,,,,,,,,
fever:e74872c4c6b4af0ec627a0bc69f3f807:near_miss_dilution,fever_near_miss_dilution,false,,,,,,,,
fever:5906c0b9404671c031ce851ac076ac6c:near_miss_dilution,fever_near_miss_dilution,false,,,,,,,,
fever:7e9762ee6c4efa13ed99af56637216f1:near_miss_dilution,fever_near_miss_dilution,false,,,,,,,,
fever:0d15770b86fc6e5335073ae34b9ab18a:near_miss_dilution,fever_near_miss_dilution,false,,,,,,,,
fever:46ae093b5f3b07fdfcb6316c5915a319:near_miss_dilution,fever_near_miss_dilution,false,,,,,,,,
fever:7262438b53a6ab5056c1fc8992d1a0ad:near_miss_dilution,fever_near_miss_dilution,false,,,,,,,,
fever:5eb1618cac89af2215389bb419642276:near_miss_dilution,fever_near_miss_dilution,false,,,,,,,,
fever:eef6bd3d396ee24873d0517fe83cb858:near_miss_dilution,fever_near_miss_dilution,false,,,,,,,,
fever:0b0dda32d23748d1f1d54a53aec59f0f:near_miss_dilution,fever_near_miss_dilution,false,,,,,,,,
fever:da1717dbf4179f8c55a82e8ab97a109a:near_miss_dilution,fever_near_miss_dilution,false,,,,,,,,
fever:d29ca7d0bfc4b6a14a336b76e635f787:near_miss_dilution,fever_near_miss_dilution,false,,,,,,,,
fever:16c16ed2601f7791327a95bc85504219:near_miss_dilution,fever_near_miss_dilution,false,,,,,,,,
fever:4502f0f6a725828bf628a2e0e95e4827:near_miss_dilution,fever_near_miss_dilution,false,,,,,,,,
fever:fcc1d92fc984e19b6e2bd1e54e8dec75:near_miss_dilution,fever_near_miss_dilution,false,,,,,,,,
fever:84d8b8a363f160b432f0eef095fa3424:near_miss_dilution,fever_near_miss_dilution,false,,,,,,,,
fever:33d5a8163978e1cbc3f14a201c1019ba:near_miss_dilution,fever_near_miss_dilution,false,,,,,,,,
fever:7e49220e5edaed343eb66efc38bbde66:near_miss_dilution,fever_near_miss_dilution,false,,,,,,,,
fever:b25e32964523c07fd47e9cd1bb68b845:near_miss_dilution,fever_near_miss_dilution,false,,,,,,,,
fever:39e2c346d921b1cf928c335de87aff04:near_miss_dilution,fever_near_miss_dilution,false,,,,,,,,
fever:d8402c85e9e2cddc52f225065671ba73:near_miss_dilution,fever_near_miss_dilution,false,,,,,,,,
fever:80f8cfd297e7f514760bf6c9db35d833:near_miss_dilution,fever_near_miss_dilution,false,,,,,,,,
fever:0c974ed9bd56330b3e869c37ec82fbe6:near_miss_dilution,fever_near_miss_dilution,false,,,,,,,,
fever:5739b440eb97db04781ccbe77c94c88f:near_miss_dilution,fever_near_miss_dilution,false,,,,,,,,
fever:2a276e2022df54b04d64be48c3ed7501:near_miss_dilution,fever_near_miss_dilution,false,,,,,,,,
fever:00e72a959299955a3b268d96dafdd5ff:near_miss_dilution,fever_near_miss_dilution,false,,,,,,,,
fever:bf9958a1c0b9ff343672c3019780cae8:near_miss_dilution,fever_near_miss_dilution,false,,,,,,,,
fever:a5b7cd05c31b6190e7c09ba3dba6435b:near_miss_dilution,fever_near_miss_dilution,false,,,,,,,,
fever:eae53021506f1daf25c8fba603922361:near_miss_dilution,fever_near_miss_dilution,false,,,,,,,,
fever:c0cf40b107f7b1f40b76c248a952df85:near_miss_dilution,fever_near_miss_dilution,false,,,,,,,,
fever:55d436325b454f1d4d6461f154778bbc:near_miss_dilution,fever_near_miss_dilution,false,,,,,,,,
fever:842d6ac6760601f7322b7668315d897a:near_miss_dilution,fever_near_miss_dilution,false,,,,,,,,
fever:b29587d5dfb9a48a8e0710c300a57b1f:near_miss_dilution,fever_near_miss_dilution,false,,,,,,,,
fever:5aa0827e87352d3ddcb9acd557ea7fbb:near_miss_dilution,fever_near_miss_dilution,false,,,,,,,,
fever:eb384af117f6427842a64d72af225225:near_miss_dilution,fever_near_miss_dilution,false,,,,,,,,
fever:88b675642d3f41ce5b3138541809b6c2:stable,fever_stable_evidence,true,,,,,,,,
fever:866e2191329e78c18867eac04469b257:stable,fever_stable_evidence,true,,,,,,,,
fever:ddbd2bc31b979f619ba48ecaabfaff15:stable,fever_stable_evidence,true,,,,,,,,
fever:0f842bac1810fe5262c7a8aa4d5cde6b:stable,fever_stable_evidence,true,,,,,,,,
fever:8386a16d42aff843b3f5900721ff8584:stable,fever_stable_evidence,true,,,,,,,,
fever:0b0dda32d23748d1f1d54a53aec59f0f:stable,fever_stable_evidence,true,,,,,,,,
fever:bb270772eefd4f9e8e966107295800d5:stable,fever_stable_evidence,true,,,,,,,,
fever:d7f433c1f5ddf49ead8f937ebc4e7f8d:stable,fever_stable_evidence,true,,,,,,,,
fever:4c821003029531e3aae8461f9233444d:stable,fever_stable_evidence,true,,,,,,,,
fever:0352c46cbab8c3edb420e3b843323d42:stable,fever_stable_evidence,true,,,,,,,,
fever:92f72d803dbdab1b37e62da05298a931:stable,fever_stable_evidence,true,,,,,,,,
fever:bbc16c0dcf30a312d3eea2944d000565:stable,fever_stable_evidence,true,,,,,,,,
fever:d7076e4b29c37658a48a2a0eb514ae9f:stable,fever_stable_evidence,true,,,,,,,,
fever:2a276e2022df54b04d64be48c3ed7501:stable,fever_stable_evidence,true,,,,,,,,
fever:d2e26ecbb24fb977985f8eac645afddb:stable,fever_stable_evidence,true,,,,,,,,
fever:ede6cdbe896e33c6e229f3d456b05e11:stable,fever_stable_evidence,true,,,,,,,,
fever:d490e5ddc449cbad1a613cc55ef16c6e:stable,fever_stable_evidence,true,,,,,,,,
fever:efaa1d474d21ffa19b63774688647fb9:stable,fever_stable_evidence,true,,,,,,,,
fever:33d5a8163978e1cbc3f14a201c1019ba:stable,fever_stable_evidence,true,,,,,,,,
fever:45856a1df32c21ec1c9004a1ad73801e:stable,fever_stable_evidence,true,,,,,,,,
fever:bf60221bca57c62e706cc3cd186b1a6b:stable,fever_stable_evidence,true,,,,,,,,
fever:5d9282f0cb8850175acab6e07f0716da:stable,fever_stable_evidence,true,,,,,,,,
fever:db98ccda02c4297037258ef3796b649d:stable,fever_stable_evidence,true,,,,,,,,
fever:2568e20ea56b809ef9db9562b47bdf56:stable,fever_stable_evidence,true,,,,,,,,
fever:f81ce647ee844696ef8aec7c27ddf1a6:stable,fever_stable_evidence,true,,,,,,,,
fever:19d154b252781cf6a94c5bf6c6acdc74:stable,fever_stable_evidence,true,,,,,,,,
fever:b29587d5dfb9a48a8e0710c300a57b1f:stable,fever_stable_evidence,true,,,,,,,,
fever:5906c0b9404671c031ce851ac076ac6c:stable,fever_stable_evidence,true,,,,,,,,
fever:7262438b53a6ab5056c1fc8992d1a0ad:stable,fever_stable_evidence,true,,,,,,,,
fever:2c69dec18578c87e49604859e7123cb6:stable,fever_stable_evidence,true,,,,,,,,
fever:7a56b2553b5fcf98ea4085b44e3a2600:stable,fever_stable_evidence,true,,,,,,,,
fever:e664966e5d4221ca1c89f8dcaafa9b2b:stable,fever_stable_evidence,true,,,,,,,,
fever:a5b7cd05c31b6190e7c09ba3dba6435b:stable,fever_stable_evidence,true,,,,,,,,
fever:529a2839d09a7858ac040a3e732c519c:stable,fever_stable_evidence,true,,,,,,,,
fever:28bb3026015b49fc2b3eea69e9529354:stable,fever_stable_evidence,true,,,,,,,,
fever:55d436325b454f1d4d6461f154778bbc:stable,fever_stable_evidence,true,,,,,,,,
fever:d747a654061e5abcb215f13dbe104bf5:stable,fever_stable_evidence,true,,,,,,,,
fever:39e2c346d921b1cf928c335de87aff04:stable,fever_stable_evidence,true,,,,,,,,
fever:ff470cdb7d243445a931aac589d10bbd:stable,fever_stable_evidence,true,,,,,,,,
fever:2de22e8ed1fb3f70661b4c4d3a947c7c:stable,fever_stable_evidence,true,,,,,,,,
fever:0c974ed9bd56330b3e869c37ec82fbe6:stable,fever_stable_evidence,true,,,,,,,,
fever:d07b20fe37b03c55b8aeade4cbdd82ed:stable,fever_stable_evidence,true,,,,,,,,
fever:eae53021506f1daf25c8fba603922361:stable,fever_stable_evidence,true,,,,,,,,
fever:9483a59d44b8ac95fffb657117a86cad:stable,fever_stable_evidence,true,,,,,,,,
fever:d7df6529e9a0e96c3b63f58e6d05db2f:stable,fever_stable_evidence,true,,,,,,,,
fever:138502e1584cfb3ea12a6ec42d4485fe:stable,fever_stable_evidence,true,,,,,,,,
fever:750b9a1dc5d5b0603b17728f34159eb7:stable,fever_stable_evidence,true,,,,,,,,
fever:2eeb3da68ff17ff2eb11278d44095d5f:stable,fever_stable_evidence,true,,,,,,,,
fever:ed2d858bee6b7e90b4bfd8100b2ee36b:stable,fever_stable_evidence,true,,,,,,,,
fever:5eb1618cac89af2215389bb419642276:stable,fever_stable_evidence,true,,,,,,,,
fever:66dbe6665f579870b846c238050483f6:stable,fever_stable_evidence,true,,,,,,,,
fever:8ed416fa81e0c86811c8f3b13ec46138:stable,fever_stable_evidence,true,,,,,,,,
fever:a1a8ba0089051685ae5c082b69ce2bce:stable,fever_stable_evidence,true,,,,,,,,
fever:4ac6e39cbcb8375cd80cb19d448655ed:stable,fever_stable_evidence,true,,,,,,,,
fever:80f8cfd297e7f514760bf6c9db35d833:stable,fever_stable_evidence,true,,,,,,,,
fever:fb605794ab070bd33410c5dcb0138df8:stable,fever_stable_evidence,true,,,,,,,,
fever:4502f0f6a725828bf628a2e0e95e4827:stable,fever_stable_evidence,true,,,,,,,,
fever:562d69d6c90f3abd6c404931d754390c:stable,fever_stable_evidence,true,,,,,,,,
fever:94cff231066cd7bb0dd7919d994b751e:stable,fever_stable_evidence,true,,,,,,,,
fever:9ac434a13126a459f647dcc71fc26b53:stable,fever_stable_evidence,true,,,,,,,,
fever:00e72a959299955a3b268d96dafdd5ff:stable,fever_stable_evidence,true,,,,,,,,
fever:6cae8761aadd090898190c13560f94f1:stable,fever_stable_evidence,true,,,,,,,,
fever:a2971dec33bf81d8aeca396e7397d05a:stable,fever_stable_evidence,true,,,,,,,,
fever:2560aeeebf15cc817b52f951600a3b86:stable,fever_stable_evidence,true,,,,,,,,
fever:3e217eb5032587dc0aed37d155134f43:stable,fever_stable_evidence,true,,,,,,,,
fever:7e49220e5edaed343eb66efc38bbde66:stable,fever_stable_evidence,true,,,,,,,,
fever:e624efc2e568f7888482fd319c5a69ba:stable,fever_stable_evidence,true,,,,,,,,
fever:fc0f519782d391fdde79f96705ec724d:stable,fever_stable_evidence,true,,,,,,,,
fever:706d8195a18e25d6d723893ac042fd3d:stable,fever_stable_evidence,true,,,,,,,,
fever:e98601b95229fe29c1f23d942aae4cc1:stable,fever_stable_evidence,true,,,,,,,,
fever:13f69a0d0628a12b06c497e3cf57e0c2:stable,fever_stable_evidence,true,,,,,,,,
fever:cbddc41e8b7411878164fba2271610d3:stable,fever_stable_evidence,true,,,,,,,,
fever:7fdadfb799922d657108dd8c28010309:stable,fever_stable_evidence,true,,,,,,,,
fever:016714803910e36a4d8f16b464dcb617:stable,fever_stable_evidence,true,,,,,,,,
fever:1e981ef8cff3b3c06efe7fe372ed86f6:stable,fever_stable_evidence,true,,,,,,,,
fever:bf9958a1c0b9ff343672c3019780cae8:stable,fever_stable_evidence,true,,,,,,,,
fever:8a55cb21f71c74cb613680791b45534d:stable,fever_stable_evidence,true,,,,,,,,
fever:d54a071d44f70a85f0b5f4674e3728a6:stable,fever_stable_evidence,true,,,,,,,,
fever:a0229b8a5bda0d77e76ad5f6516eeba6:stable,fever_stable_evidence,true,,,,,,,,
fever:08687c396180e95e1e1bdee2702b73eb:stable,fever_stable_evidence,true,,,,,,,,
fever:6383289a5759f26a092647fa55a3a4c6:stable,fever_stable_evidence,true,,,,,,,,
fever:5da5431d3ebafc97af8b86a08bcd9dda:stable,fever_stable_evidence,true,,,,,,,,
fever:8c26fbff2d3e8667542610aed07c901f:stable,fever_stable_evidence,true,,,,,,,,
fever:912b64cf4b82c40b539fa462d3e84f8b:stable,fever_stable_evidence,true,,,,,,,,
fever:d8e4f82028e79370be91b72cb3243321:stable,fever_stable_evidence,true,,,,,,,,
fever:779a260fbd28c6c5d956bc7d9588db89:stable,fever_stable_evidence,true,,,,,,,,
fever:7f6131290bb117022e3b06c9d77d6b48:stable,fever_stable_evidence,true,,,,,,,,
fever:c5be6fa5aa32762ecaf98fcba95eb911:stable,fever_stable_evidence,true,,,,,,,,
fever:e8e982847f38d3d151e76bbee3385511:stable,fever_stable_evidence,true,,,,,,,,
fever:070284bdb13a90582798a9cbd47cf935:stable,fever_stable_evidence,true,,,,,,,,
fever:3965d777f70e043a1b494847f2d4ea0a:stable,fever_stable_evidence,true,,,,,,,,
fever:450866a5ce65fe94b2759f65a7155752:stable,fever_stable_evidence,true,,,,,,,,
fever:71cc17ff9fc1dcb0ebbfa8ced12d8677:stable,fever_stable_evidence,true,,,,,,,,
fever:48723ea8d97deaf0a468fbb36c9cedd0:stable,fever_stable_evidence,true,,,,,,,,
fever:0e77ccd90b21bb0340cc9744f8cd7293:stable,fever_stable_evidence,true,,,,,,,,
fever:352195a8255b0fc104eb2517351810a0:stable,fever_stable_evidence,true,,,,,,,,
fever:9293053261bd11864297fff006954b5d:stable,fever_stable_evidence,true,,,,,,,,
fever:7e9762ee6c4efa13ed99af56637216f1:stable,fever_stable_evidence,true,,,,,,,,
fever:da1717dbf4179f8c55a82e8ab97a109a:stable,fever_stable_evidence,true,,,,,,,,
fever:ee31832067dcc51caed85b175103dabd:stable,fever_stable_evidence,true,,,,,,,,
hotpot:5a7de14a5542991319bc93fc:distractor,hotpot_distractor,false,,,,,,,,
hotpot:5ab682f85542995eadef001f:distractor,hotpot_distractor,false,,,,,,,,
hotpot:5a7b3ec95542995eb53be8d3:distractor,hotpot_distractor,false,,,,,,,,
hotpot:5a8b231055429949d91db4c9:distractor,hotpot_distractor,false,,,,,,,,
hotpot:5a74684655429929fddd8410:distractor,hotpot_distractor,false,,,,,,,,
hotpot:5a72e28f5542992359bc31ba:distractor,hotpot_distractor,false,,,,,,,,
hotpot:5ae7cea355429952e35ea9c1:distractor,hotpot_distractor,false,,,,,,,,
hotpot:5ab4b9f75542990594ba9ca4:distractor,hotpot_distractor,false,,,,,,,,
hotpot:5ac3ba1855429939154138f3:distractor,hotpot_distractor,false,,,,,,,,
hotpot:5a7ae2f2554299042af8f6aa:distractor,hotpot_distractor,false,,,,,,,,
hotpot:5ae52c0f5542992663a4f12e:distractor,hotpot_distractor,false,,,,,,,,
hotpot:5a74bfa55542996c70cfadcf:distractor,hotpot_distractor,false,,,,,,,,
hotpot:5a8da81e554299068b959d7e:distractor,hotpot_distractor,false,,,,,,,,
hotpot:5adf39ce5542995534e8c76d:distractor,hotpot_distractor,false,,,,,,,,
hotpot:5ae395d85542992f92d82313:distractor,hotpot_distractor,false,,,,,,,,
hotpot:5ae3d8415542992f92d8239a:distractor,hotpot_distractor,false,,,,,,,,
hotpot:5a799dfb5542994bb9457029:distractor,hotpot_distractor,false,,,,,,,,
hotpot:5a765fe85542992d0ec060c5:distractor,hotpot_distractor,false,,,,,,,,
hotpot:5ac1d40c5542994d76dccef5:distractor,hotpot_distractor,false,,,,,,,,
hotpot:5ab9aed855429970cfb8eb6d:distractor,hotpot_distractor,false,,,,,,,,
hotpot:5ab412da5542996a3a969f15:distractor,hotpot_distractor,false,,,,,,,,
hotpot:5a7905f555429974737f7947:distractor,hotpot_distractor,false,,,,,,,,
hotpot:5a7a3bed5542996c55b2dd45:distractor,hotpot_distractor,false,,,,,,,,
hotpot:5abaca935542996606241610:distractor,hotpot_distractor,false,,,,,,,,
hotpot:5abc0ba05542996583600409:distractor,hotpot_distractor,false,,,,,,,,
hotpot:5ab43179554299233955004d:distractor,hotpot_distractor,false,,,,,,,,
hotpot:5a7a5ccf55429941d65f25d7:distractor,hotpot_distractor,false,,,,,,,,
hotpot:5a85e57a5542994c784ddbb1:distractor,hotpot_distractor,false,,,,,,,,
hotpot:5a777fd655429949eeb29e93:distractor,hotpot_distractor,false,,,,,,,,
hotpot:5a729fa15542994cef4bc397:distractor,hotpot_distractor,false,,,,,,,,
hotpot:5a7f54665542992097ad2f1a:distractor,hotpot_distractor,false,,,,,,,,
hotpot:5a7563a45542996c70cfaeec:distractor,hotpot_distractor,false,,,,,,,,
hotpot:5a8ec7cc5542995a26add518:distractor,hotpot_distractor,false,,,,,,,,
hotpot:5a7c988755429935c91b524d:distractor,hotpot_distractor,false,,,,,,,,
hotpot:5a7a73e45542996c55b2ddb6:distractor,hotpot_distractor,false,,,,,,,,
hotpot:5a8319b255429940e5e1a960:distractor,hotpot_distractor,false,,,,,,,,
hotpot:5ab69f9a554299710c8d1ef8:distractor,hotpot_distractor,false,,,,,,,,
hotpot:5a8fc3b155429933b8a20454:distractor,hotpot_distractor,false,,,,,,,,
hotpot:5a8c7ac2554299653c1aa08e:distractor,hotpot_distractor,false,,,,,,,,
hotpot:5ab499a55542996a3a969f9f:distractor,hotpot_distractor,false,,,,,,,,
hotpot:5a8dd9d25542995a26add420:distractor,hotpot_distractor,false,,,,,,,,
hotpot:5a7149595542994082a3e76f:distractor,hotpot_distractor,false,,,,,,,,
hotpot:5adf32165542993344016c15:distractor,hotpot_distractor,false,,,,,,,,
hotpot:5ae73c065542991e8301cc18:distractor,hotpot_distractor,false,,,,,,,,
hotpot:5a8b3af455429971feec467b:distractor,hotpot_distractor,false,,,,,,,,
hotpot:5a77aa8655429949eeb29f22:distractor,hotpot_distractor,false,,,,,,,,
hotpot:5ae340a85542994393b9e668:distractor,hotpot_distractor,false,,,,,,,,
hotpot:5adbe27c55429947ff173854:distractor,hotpot_distractor,false,,,,,,,,
hotpot:5ac4f12d55429924173fb4f6:distractor,hotpot_distractor,false,,,,,,,,
hotpot:5a72a2935542991f9a20c546:distractor,hotpot_distractor,false,,,,,,,,
hotpot:5ab44ab25542991779162c58:distractor,hotpot_distractor,false,,,,,,,,
hotpot:5ae1f079554299234fd04343:distractor,hotpot_distractor,false,,,,,,,,
hotpot:5ae4c5595542990ba0bbb123:distractor,hotpot_distractor,false,,,,,,,,
hotpot:5a774e9c55429972597f14f3:distractor,hotpot_distractor,false,,,,,,,,
hotpot:5ac344d6554299741d48a23f:distractor,hotpot_distractor,false,,,,,,,,
hotpot:5a74e5aa5542996c70cfae2e:distractor,hotpot_distractor,false,,,,,,,,
hotpot:5abb7ff15542996cc5e4a015:distractor,hotpot_distractor,false,,,,,,,,
hotpot:5ab9d44255429939ce03dc36:distractor,hotpot_distractor,false,,,,,,,,
hotpot:5ae03cd855429924de1b7072:distractor,hotpot_distractor,false,,,,,,,,
hotpot:5abb729b5542993f40c73af4:distractor,hotpot_distractor,false,,,,,,,,
hotpot:5a80e4b255429938b6142239:distractor,hotpot_distractor,false,,,,,,,,
hotpot:5a7555215542996c70cfaee1:distractor,hotpot_distractor,false,,,,,,,,
hotpot:5ae537e45542990ba0bbb235:distractor,hotpot_distractor,false,,,,,,,,
hotpot:5a8f122955429918e830d17f:distractor,hotpot_distractor,false,,,,,,,,
hotpot:5a70f4695542994082a3e435:distractor,hotpot_distractor,false,,,,,,,,
hotpot:5adf51595542993344016c52:distractor,hotpot_distractor,false,,,,,,,,
hotpot:5adce88b5542992c1e3a249a:distractor,hotpot_distractor,false,,,,,,,,
hotpot:5a7dedef5542995f4f40231a:distractor,hotpot_distractor,false,,,,,,,,
hotpot:5abc40835542993a06baf8ba:distractor,hotpot_distractor,false,,,,,,,,
hotpot:5ae5390355429960a22e0271:distractor,hotpot_distractor,false,,,,,,,,
hotpot:5a8eb51655429917b4a5bdb5:distractor,hotpot_distractor,false,,,,,,,,
hotpot:5a89dd4d554299669944a5e3:distractor,hotpot_distractor,false,,,,,,,,
hotpot:5abe4fd95542991f6610613d:distractor,hotpot_distractor,false,,,,,,,,
hotpot:5ac07a17554299294b219000:distractor,hotpot_distractor,false,,,,,,,,
hotpot:5ae3ffba5542995dadf242b2:distractor,hotpot_distractor,false,,,,,,,,
hotpot:5ac0e0c75542997d64295a6e:distractor,hotpot_distractor,false,,,,,,,,
hotpot:5a7615fb5542992db9473727:distractor,hotpot_distractor,false,,,,,,,,
hotpot:5a8712095542991e771816af:distractor,hotpot_distractor,false,,,,,,,,
hotpot:5a8257fa55429940e5e1a866:distractor,hotpot_distractor,false,,,,,,,,
hotpot:5ac30a79554299657fa290e2:distractor,hotpot_distractor,false,,,,,,,,
hotpot:5a85f8665542994775f606ce:distractor,hotpot_distractor,false,,,,,,,,
hotpot:5abcf14f55429959677d6b5b:distractor,hotpot_distractor,false,,,,,,,,
hotpot:5add1eed5542992ae4cec485:distractor,hotpot_distractor,false,,,,,,,,
hotpot:5ae07ddb55429945ae95937b:distractor,hotpot_distractor,false,,,,,,,,
hotpot:5adf33965542993344016c20:distractor,hotpot_distractor,false,,,,,,,,
hotpot:5a8430335542996488c2e500:distractor,hotpot_distractor,false,,,,,,,,
hotpot:5a8671e95542994775f60763:distractor,hotpot_distractor,false,,,,,,,,
hotpot:5a876cd55542993e715abf36:distractor,hotpot_distractor,false,,,,,,,,
hotpot:5ab3b50055429969a97a818c:distractor,hotpot_distractor,false,,,,,,,,
hotpot:5abcfc365542993a06baf9d6:distractor,hotpot_distractor,false,,,,,,,,
hotpot:5ae136375542997b2ef7d12f:distractor,hotpot_distractor,false,,,,,,,,
hotpot:5abadc355542996606241644:distractor,hotpot_distractor,false,,,,,,,,
hotpot:5a712fca5542994082a3e641:distractor,hotpot_distractor,false,,,,,,,,
hotpot:5ab97cd0554299753720f81a:distractor,hotpot_distractor,false,,,,,,,,
hotpot:5adf39295542992d7e9f92df:distractor,hotpot_distractor,false,,,,,,,,
hotpot:5ab1eac95542993be8fa987f:distractor,hotpot_distractor,false,,,,,,,,
hotpot:5a84bda45542992a431d1a96:distractor,hotpot_distractor,false,,,,,,,,
hotpot:5adc1ae5554299438c868d5c:distractor,hotpot_distractor,false,,,,,,,,
hotpot:5ab926bc554299131ca42285:distractor,hotpot_distractor,false,,,,,,,,
hotpot:5a7cc5f9554299452d57ba49:distractor,hotpot_distractor,false,,,,,,,,
hotpot:5ac10832554299012d1db687:false_premise,hotpot_false_premise,false,,,,,,,,
hotpot:5a89a74e554299669944a562:false_premise,hotpot_false_premise,false,,,,,,,,
hotpot:5a712fca5542994082a3e641:false_premise,hotpot_false_premise,false,,,,,,,,
hotpot:5a81e8ea5542995ce29dcc73:false_premise,hotpot_false_premise,false,,,,,,,,
hotpot:5ae518ae5542993aec5ec13c:false_premise,hotpot_false_premise,false,,,,,,,,
hotpot:5abcfc365542993a06baf9d6:false_premise,hotpot_false_premise,false,,,,,,,,
hotpot:5a7d3470554299452d57bb56:false_premise,hotpot_false_premise,false,,,,,,,,
hotpot:5ae7cea355429952e35ea9c1:false_premise,hotpot_false_premise,false,,,,,,,,
hotpot:5ae136375542997b2ef7d12f:false_premise,hotpot_false_premise,false,,,,,,,,
hotpot:5ae3ffba5542995dadf242b2:false_premise,hotpot_false_premise,false,,,,,,,,
hotpot:5abc0aba55429959677d6a00:false_premise,hotpot_false_premise,false,,,,,,,,
hotpot:5ae28b76554299495565daa8:false_premise,hotpot_false_premise,false,,,,,,,,
hotpot:5ab859a955429934fafe6d7b:false_premise,hotpot_false_premise,false,,,,,,,,
hotpot:5ae236445542992decbdcc69:false_premise,hotpot_false_premise,false,,,,,,,,
hotpot:5ab310bb554299233954fef9:false_premise,hotpot_false_premise,false,,,,,,,,
hotpot:5ae1c214554299234fd042ed:false_premise,hotpot_false_premise,false,,,,,,,,
hotpot:5a7e02e05542995ed0d1667c:false_premise,hotpot_false_premise,false,,,,,,,,
hotpot:5ab1eac95542993be8fa987f:false_premise,hotpot_false_premise,false,,,,,,,,
hotpot:5ab9aed855429970cfb8eb6d:false_premise,hotpot_false_premise,false,,,,,,,,
hotpot:5a7324e055429901807daf8f:false_premise,hotpot_false_premise,false,,,,,,,,
hotpot:5a8639545542991e771815c7:false_premise,hotpot_false_premise,false,,,,,,,,
hotpot:5ac30a79554299657fa290e2:false_premise,hotpot_false_premise,false,,,,,,,,
hotpot:5a7905f555429974737f7947:false_premise,hotpot_false_premise,false,,,,,,,,
hotpot:5ac07a17554299294b219000:false_premise,hotpot_false_premise,false,,,,,,,,
hotpot:5a8430335542996488c2e500:false_premise,hotpot_false_premise,false,,,,,,,,
hotpot:5ac2c338554299657fa29039:false_premise,hotpot_false_premise,false,,,,,,,,
hotpot:5a84bda45542992a431d1a96:false_premise,hotpot_false_premise,false,,,,,,,,
hotpot:5ae7d03b55429952e35ea9c2:false_premise,hotpot_false_premise,false,,,,,,,,
hotpot:5a8257fa55429940e5e1a866:false_premise,hotpot_false_premise,false,,,,,,,,
hotpot:5a88ac3d554299206df2b328:false_premise,hotpot_false_premise,false,,,,,,,,
hotpot:5ab3ede755429976abd1bcf4:false_premise,hotpot_false_premise,false,,,,,,,,
hotpot:5a7a3bed5542996c55b2dd45:false_premise,hotpot_false_premise,false,,,,,,,,
hotpot:5a8284b555429954d2e2eb5f:false_premise,hotpot_false_premise,false,,,,,,,,
hotpot:5ac0c1cf5542992a796ded7c:false_premise,hotpot_false_premise,false,,,,,,,,
hotpot:5a8b231055429949d91db4c9:false_premise,hotpot_false_premise,false,,,,,,,,
hotpot:5a86f13c554299211dda2b5e:false_premise,hotpot_false_premise,false,,,,,,,,
hotpot:5ab9d44255429939ce03dc36:false_premise,hotpot_false_premise,false,,,,,,,,
hotpot:5a7ae2f2554299042af8f6aa:false_premise,hotpot_false_premise,false,,,,,,,,
hotpot:5abaca935542996606241610:false_premise,hotpot_false_premise,false,,,,,,,,
hotpot:5ab2be71554299166977408c:false_premise,hotpot_false_premise,false,,,,,,,,
hotpot:5ae236b2554299495565da3e:false_premise,hotpot_false_premise,false,,,,,,,,
hotpot:5abe4fd95542991f6610613d:false_premise,hotpot_false_premise,false,,,,,,,,
hotpot:5a73471a5542991f9a20c6d7:false_premise,hotpot_false_premise,false,,,,,,,,
hotpot:5a77aa8655429949eeb29f22:false_premise,hotpot_false_premise,false,,,,,,,,
hotpot:5ac1b3a75542994ab5c67dd2:false_premise,hotpot_false_premise,false,,,,,,,,
hotpot:5a8319b255429940e5e1a960:false_premise,hotpot_false_premise,false,,,,,,,,
hotpot:5a8ec7cc5542995a26add518:false_premise,hotpot_false_premise,false,,,,,,,,
hotpot:5a85e57a5542994c784ddbb1:false_premise,hotpot_false_premise,false,,,,,,,,
hotpot:5ab97cd0554299753720f81a:false_premise,hotpot_false_premise,false,,,,,,,,
hotpot:5ac3a7f75542993915413890:false_premise,hotpot_false_premise,false,,,,,,,,
hotpot:5ac17c025542994d76dcce70:false_premise,hotpot_false_premise,false,,,,,,,,
hotpot:5ae773eb5542997b22f6a777:false_premise,hotpot_false_premise,false,,,,,,,,
hotpot:5ae52c0f5542992663a4f12e:false_premise,hotpot_false_premise,false,,,,,,,,
hotpot:5ae3d8415542992f92d8239a:false_premise,hotpot_false_premise,false,,,,,,,,
hotpot:5adec4695542992fa25da83a:false_premise,hotpot_false_premise,false,,,,,,,,
hotpot:5a7555215542996c70cfaee1:false_premise,hotpot_false_premise,false,,,,,,,,
hotpot:5ae2c416554299492dc91c67:false_premise,hotpot_false_premise,false,,,,,,,,
hotpot:5a7c988755429935c91b524d:false_premise,hotpot_false_premise,false,,,,,,,,
hotpot:5a89810655429946c8d6e929:false_premise,hotpot_false_premise,false,,,,,,,,
hotpot:5a74bfa55542996c70cfadcf:false_premise,hotpot_false_premise,false,,,,,,,,
hotpot:5adf0ae45542992d7e9f9286:false_premise,hotpot_false_premise,false,,,,,,,,
hotpot:5a765fe85542992d0ec060c5:false_premise,hotpot_false_premise,false,,,,,,,,
hotpot:5a8a9bc15542996c9b8d5f36:false_premise,hotpot_false_premise,false,,,,,,,,
hotpot:5ae1f079554299234fd04343:false_premise,hotpot_false_premise,false,,,,,,,,
hotpot:5ae1e4095542997283cd22bf:false_premise,hotpot_false_premise,false,,,,,,,,
hotpot:5ab724b45542991d32223785:false_premise,hotpot_false_premise,false,,,,,,,,
hotpot:5a74e5aa5542996c70cfae2e:false_premise,hotpot_false_premise,false,,,,,,,,
hotpot:5a7b177b55429927d897bf35:false_premise,hotpot_false_premise,false,,,,,,,,
hotpot:5a8c7ac2554299653c1aa08e:false_premise,hotpot_false_premise,false,,,,,,,,
hotpot:5a89f58f5542992e4fca84af:false_premise,hotpot_false_premise,false,,,,,,,,
hotpot:5ac0e0c75542997d64295a6e:false_premise,hotpot_false_premise,false,,,,,,,,
hotpot:5abbbaca55429931dba144ca:false_premise,hotpot_false_premise,false,,,,,,,,
hotpot:5ac3dfee554299204fd21eab:false_premise,hotpot_false_premise,false,,,,,,,,
hotpot:5ae446fc5542995ad6573d24:false_premise,hotpot_false_premise,false,,,,,,,,
hotpot:5ac4f12d55429924173fb4f6:false_premise,hotpot_false_premise,false,,,,,,,,
hotpot:5a9030ef5542995651fb50e4:false_premise,hotpot_false_premise,false,,,,,,,,
hotpot:5ae07ddb55429945ae95937b:false_premise,hotpot_false_premise,false,,,,,,,,
hotpot:5a8671e95542994775f60763:false_premise,hotpot_false_premise,false,,,,,,,,
hotpot:5a794f8155429970f5fffe95:false_premise,hotpot_false_premise,false,,,,,,,,
hotpot:5a8dd9d25542995a26add420:false_premise,hotpot_false_premise,false,,,,,,,,
hotpot:5abbb0655542992ccd8e7f72:false_premise,hotpot_false_premise,false,,,,,,,,
hotpot:5ae38b115542990afbd1e183:false_premise,hotpot_false_premise,false,,,,,,,,
hotpot:5a7c0dab5542997c3ec972d2:false_premise,hotpot_false_premise,false,,,,,,,,
hotpot:5a8f51185542992414482a3d:false_premise,hotpot_false_premise,false,,,,,,,,
hotpot:5a89d3e15542992e4fca83d4:false_premise,hotpot_false_premise,false,,,,,,,,
hotpot:5a70f39c5542994082a3e429:false_premise,hotpot_false_premise,false,,,,,,,,
hotpot:5a70f4695542994082a3e435:false_premise,hotpot_false_premise,false,,,,,,,,
hotpot:5ae6914755429908198fa627:false_premise,hotpot_false_premise,false,,,,,,,,
hotpot:5ae395d85542992f92d82313:false_premise,hotpot_false_premise,false,,,,,,,,
hotpot:5ae4c5595542990ba0bbb123:false_premise,hotpot_false_premise,false,,,,,,,,
hotpot:5ab73de755429928e1fe383b:false_premise,hotpot_false_premise,false,,,,,,,,
hotpot:5abb7ff15542996cc5e4a015:false_premise,hotpot_false_premise,false,,,,,,,,
hotpot:5adc1ae5554299438c868d5c:false_premise,hotpot_false_premise,false,,,,,,,,
hotpot:5a72a2935542991f9a20c546:false_premise,hotpot_false_premise,false,,,,,,,,
hotpot:5a7de14a5542991319bc93fc:false_premise,hotpot_false_premise,false,,,,,,,,
hotpot:5ab43179554299233955004d:false_premise,hotpot_false_premise,false,,,,,,,,
hotpot:5ae3fe635542996836b02c07:false_premise,hotpot_false_premise,false,,,,,,,,
hotpot:5ab412da5542996a3a969f15:false_premise,hotpot_false_premise,false,,,,,,,,
hotpot:5a7b3ec95542995eb53be8d3:false_premise,hotpot_false_premise,false,,,,,,,,
hotpot:5ac3ba1855429939154138f3:false_premise,hotpot_false_premise,false,,,,,,,,
hotpot:5ae537e45542990ba0bbb235:missing_hop,hotpot_missing_hop,false,,,,,,,,
hotpot:5ab926bc554299131ca42285:missing_hop,hotpot_missing_hop,false,,,,,,,,
hotpot:5a80aeff5542996402f6a5eb:missing_hop,hotpot_missing_hop,false,,,,,,,,
hotpot:5ac0e0c75542997d64295a6e:missing_hop,hotpot_missing_hop,false,,,,,,,,
hotpot:5a84564c5542990548d0b288:missing_hop,hotpot_missing_hop,false,,,,,,,,
hotpot:5a712fca5542994082a3e641:missing_hop,hotpot_missing_hop,false,,,,,,,,
hotpot:5a7ae2f2554299042af8f6aa:missing_hop,hotpot_missing_hop,false,,,,,,,,
hotpot:5add1eed5542992ae4cec485:missing_hop,hotpot_missing_hop,false,,,,,,,,
hotpot:5a85e57a5542994c784ddbb1:missing_hop,hotpot_missing_hop,false,,,,,,,,
hotpot:5ae446fc5542995ad6573d24:missing_hop,hotpot_missing_hop,false,,,,,,,,
hotpot:5a7149595542994082a3e76f:missing_hop,hotpot_missing_hop,false,,,,,,,,
hotpot:5a8b231055429949d91db4c9:missing_hop,hotpot_missing_hop,false,,,,,,,,
hotpot:5a8da81e554299068b959d7e:missing_hop,hotpot_missing_hop,false,,,,,,,,
hotpot:5ab9aed855429970cfb8eb6d:missing_hop,hotpot_missing_hop,false,,,,,,,,
hotpot:5ac1b3a75542994ab5c67dd2:missing_hop,hotpot_missing_hop,false,,,,,,,,
hotpot:5adddf5d5542997dc7907078:missing_hop,hotpot_missing_hop,false,,,,,,,,
hotpot:5ab412da5542996a3a969f15:missing_hop,hotpot_missing_hop,false,,,,,,,,
hotpot:5a8712095542991e771816af:missing_hop,hotpot_missing_hop,false,,,,,,,,
hotpot:5a74bfa55542996c70cfadcf:missing_hop,hotpot_missing_hop,false,,,,,,,,
hotpot:5a74e5aa5542996c70cfae2e:missing_hop,hotpot_missing_hop,false,,,,,,,,
hotpot:5adc1ae5554299438c868d5c:missing_hop,hotpot_missing_hop,false,,,,,,,,
hotpot:5a8430335542996488c2e500:missing_hop,hotpot_missing_hop,false,,,,,,,,
hotpot:5ac07a17554299294b219000:missing_hop,hotpot_missing_hop,false,,,,,,,,
hotpot:5ade007e5542997545bbbdf4:missing_hop,hotpot_missing_hop,false,,,,,,,,
hotpot:5abdbf3755429933744ab818:missing_hop,hotpot_missing_hop,false,,,,,,,,
hotpot:5a73b2fd55429978a71e907f:missing_hop,hotpot_missing_hop,false,,,,,,,,
hotpot:5ae1e4095542997283cd22bf:missing_hop,hotpot_missing_hop,false,,,,,,,,
hotpot:5abcfc365542993a06baf9d6:missing_hop,hotpot_missing_hop,false,,,,,,,,
hotpot:5a72a2935542991f9a20c546:missing_hop,hotpot_missing_hop,false,,,,,,,,
hotpot:5abbb0655542992ccd8e7f72:missing_hop,hotpot_missing_hop,false,,,,,,,,
hotpot:5a7a73e45542996c55b2ddb6:missing_hop,hotpot_missing_hop,false,,,,,,,,
hotpot:5ab310bb554299233954fef9:missing_hop,hotpot_missing_hop,false,,,,,,,,
hotpot:5a7de14a5542991319bc93fc:missing_hop,hotpot_missing_hop,false,,,,,,,,
hotpot:5ac17c025542994d76dcce70:missing_hop,hotpot_missing_hop,false,,,,,,,,
hotpot:5a8257fa55429940e5e1a866:missing_hop,hotpot_missing_hop,false,,,,,,,,
hotpot:5ab3ede755429976abd1bcf4:missing_hop,hotpot_missing_hop,false,,,,,,,,
hotpot:5ae09ce855429924de1b7113:missing_hop,hotpot_missing_hop,false,,,,,,,,
hotpot:5ae518ae5542993aec5ec13c:missing_hop,hotpot_missing_hop,false,,,,,,,,
hotpot:5ade79335542997c77adee38:missing_hop,hotpot_missing_hop,false,,,,,,,,
hotpot:5a7d3470554299452d57bb56:missing_hop,hotpot_missing_hop,false,,,,,,,,
hotpot:5adce88b5542992c1e3a249a:missing_hop,hotpot_missing_hop,false,,,,,,,,
hotpot:5ade1f0555429975fa854e74:missing_hop,hotpot_missing_hop,false,,,,,,,,
hotpot:5abc40835542993a06baf8ba:missing_hop,hotpot_missing_hop,false,,,,,,,,
hotpot:5a7a3bed5542996c55b2dd45:missing_hop,hotpot_missing_hop,false,,,,,,,,
hotpot:5a773c7755429972597f14b5:missing_hop,hotpot_missing_hop,false,,,,,,,,
hotpot:5a8eb51655429917b4a5bdb5:missing_hop,hotpot_missing_hop,false,,,,,,,,
hotpot:5a8b3af455429971feec467b:missing_hop,hotpot_missing_hop,false,,,,,,,,
hotpot:5a77aa8655429949eeb29f22:missing_hop,hotpot_missing_hop,false,,,,,,,,
hotpot:5ac10832554299012d1db687:missing_hop,hotpot_missing_hop,false,,,,,,,,
hotpot:5ae5390355429960a22e0271:missing_hop,hotpot_missing_hop,false,,,,,,,,
hotpot:5a7b85c4554299294a54a9d7:missing_hop,hotpot_missing_hop,false,,,,,,,,
hotpot:5a8c7ac2554299653c1aa08e:missing_hop,hotpot_missing_hop,false,,,,,,,,
hotpot:5a8e296f554299068b959e71:missing_hop,hotpot_missing_hop,false,,,,,,,,
hotpot:5adf51595542993344016c52:missing_hop,hotpot_missing_hop,false,,,,,,,,
hotpot:5a7cc5f9554299452d57ba49:missing_hop,hotpot_missing_hop,false,,,,,,,,
hotpot:5a7b177b55429927d897bf35:missing_hop,hotpot_missing_hop,false,,,,,,,,
hotpot:5ae236b2554299495565da3e:missing_hop,hotpot_missing_hop,false,,,,,,,,
hotpot:5adc83c65542994d58a2f623:missing_hop,hotpot_missing_hop,false,,,,,,,,
hotpot:5ab69f9a554299710c8d1ef8:missing_hop,hotpot_missing_hop,false,,,,,,,,
hotpot:5ae38b115542990afbd1e183:missing_hop,hotpot_missing_hop,false,,,,,,,,
hotpot:5ab97cd0554299753720f81a:missing_hop,hotpot_missing_hop,false,,,,,,,,
hotpot:5adf39ce5542995534e8c76d:missing_hop,hotpot_missing_hop,false,,,,,,,,
hotpot:5a89d3e15542992e4fca83d4:missing_hop,hotpot_missing_hop,false,,,,,,,,
hotpot:5a8f2fed55429918e830d1c7:missing_hop,hotpot_missing_hop,false,,,,,,,,
hotpot:5ae7cea355429952e35ea9c1:missing_hop,hotpot_missing_hop,false,,,,,,,,
hotpot:5a72c6f65542994cef4bc402:missing_hop,hotpot_missing_hop,false,,,,,,,,
hotpot:5ade6b67554299728e26c71c:missing_hop,hotpot_missing_hop,false,,,,,,,,
hotpot:5a7dedef5542995f4f40231a:missing_hop,hotpot_missing_hop,false,,,,,,,,
hotpot:5ae52c0f5542992663a4f12e:missing_hop,hotpot_missing_hop,false,,,,,,,,
hotpot:5adf33965542993344016c20:missing_hop,hotpot_missing_hop,false,,,,,,,,
hotpot:5ae3fe635542996836b02c07:missing_hop,hotpot_missing_hop,false,,,,,,,,
hotpot:5ae07ddb55429945ae95937b:missing_hop,hotpot_missing_hop,false,,,,,,,,
hotpot:5a85f8665542994775f606ce:missing_hop,hotpot_missing_hop,false,,,,,,,,
hotpot:5a7a5ccf55429941d65f25d7:missing_hop,hotpot_missing_hop,false,,,,,,,,
hotpot:5ab73de755429928e1fe383b:missing_hop,hotpot_missing_hop,false,,,,,,,,
hotpot:5ac1d40c5542994d76dccef5:missing_hop,hotpot_missing_hop,false,,,,,,,,
hotpot:5ab3b50055429969a97a818c:missing_hop,hotpot_missing_hop,false,,,,,,,,
hotpot:5a70f39c5542994082a3e429:missing_hop,hotpot_missing_hop,false,,,,,,,,
hotpot:5ae1f079554299234fd04343:missing_hop,hotpot_missing_hop,false,,,,,,,,
hotpot:5a8ad2f3554299515336138d:missing_hop,hotpot_missing_hop,false,,,,,,,,
hotpot:5a83d0845542996488c2e4e6:missing_hop,hotpot_missing_hop,false,,,,,,,,
hotpot:5a72e28f5542992359bc31ba:missing_hop,hotpot_missing_hop,false,,,,,,,,
hotpot:5a8671e95542994775f60763:missing_hop,hotpot_missing_hop,false,,,,,,,,
hotpot:5a89810655429946c8d6e929:missing_hop,hotpot_missing_hop,false,,,,,,,,
hotpot:5aba72d75542994dbf019912:missing_hop,hotpot_missing_hop,false,,,,,,,,
hotpot:5a8fc3b155429933b8a20454:missing_hop,hotpot_missing_hop,false,,,,,,,,
hotpot:5a7b63eb55429931da12ca7e:missing_hop,hotpot_missing_hop,false,,,,,,,,
hotpot:5ab9d44255429939ce03dc36:missing_hop,hotpot_missing_hop,false,,,,,,,,
hotpot:5ab859a955429934fafe6d7b:missing_hop,hotpot_missing_hop,false,,,,,,,,
hotpot:5ae1568a55429901ffe4ae6b:missing_hop,hotpot_missing_hop,false,,,,,,,,
hotpot:5ae340a85542994393b9e668:missing_hop,hotpot_missing_hop,false,,,,,,,,
hotpot:5a7324e055429901807daf8f:missing_hop,hotpot_missing_hop,false,,,,,,,,
hotpot:5a8534305542997b5ce3ffc4:missing_hop,hotpot_missing_hop,false,,,,,,,,
hotpot:5ab682f85542995eadef001f:missing_hop,hotpot_missing_hop,false,,,,,,,,
hotpot:5abcf14f55429959677d6b5b:missing_hop,hotpot_missing_hop,false,,,,,,,,
hotpot:5a74684655429929fddd8410:missing_hop,hotpot_missing_hop,false,,,,,,,,
hotpot:5ae2c416554299492dc91c67:missing_hop,hotpot_missing_hop,false,,,,,,,,
hotpot:5ac3a7f75542993915413890:missing_hop,hotpot_missing_hop,false,,,,,,,,
hotpot:5ae395d85542992f92d82313:missing_hop,hotpot_missing_hop,false,,,,,,,,
hotpot:5a8ccceb554299653c1aa128:missing_hop,hotpot_missing_hop,false,,,,,,,,
hotpot:5a89dd4d554299669944a5e3:stable,hotpot_stable_support,true,,,,,,,,
hotpot:5ae1f079554299234fd04343:stable,hotpot_stable_support,true,,,,,,,,
hotpot:5ade6b67554299728e26c71c:stable,hotpot_stable_support,true,,,,,,,,
hotpot:5add1eed5542992ae4cec485:stable,hotpot_stable_support,true,,,,,,,,
hotpot:5a729fa15542994cef4bc397:stable,hotpot_stable_support,true,,,,,,,,
hotpot:5add39c45542995b365faac5:stable,hotpot_stable_support,true,,,,,,,,
hotpot:5ab3ede755429976abd1bcf4:stable,hotpot_stable_support,true,,,,,,,,
hotpot:5a8430335542996488c2e500:stable,hotpot_stable_support,true,,,,,,,,
hotpot:5ade007e5542997545bbbdf4:stable,hotpot_stable_support,true,,,,,,,,
hotpot:5a85f8665542994775f606ce:stable,hotpot_stable_support,true,,,,,,,,
hotpot:5abc0aba55429959677d6a00:stable,hotpot_stable_support,true,,,,,,,,
hotpot:5ae136375542997b2ef7d12f:stable,hotpot_stable_support,true,,,,,,,,
hotpot:5adf39ce5542995534e8c76d:stable,hotpot_stable_support,true,,,,,,,,
hotpot:5ae5390355429960a22e0271:stable,hotpot_stable_support,true,,,,,,,,
hotpot:5adddf5d5542997dc7907078:stable,hotpot_stable_support,true,,,,,,,,
hotpot:5abeb3525542993fe9a41d03:stable,hotpot_stable_support,true,,,,,,,,
hotpot:5a72c6f65542994cef4bc402:stable,hotpot_stable_support,true,,,,,,,,
hotpot:5ab310bb554299233954fef9:stable,hotpot_stable_support,true,,,,,,,,
hotpot:5ab51dbd5542996a3a96a023:stable,hotpot_stable_support,true,,,,,,,,
hotpot:5ab9aed855429970cfb8eb6d:stable,hotpot_stable_support,true,,,,,,,,
hotpot:5ae4c5595542990ba0bbb123:stable,hotpot_stable_support,true,,,,,,,,
hotpot:5a8c7ac2554299653c1aa08e:stable,hotpot_stable_support,true,,,,,,,,
hotpot:5ab7f3285542992aa3b8c88f:stable,hotpot_stable_support,true,,,,,,,,
hotpot:5abb254c5542992ccd8e7f29:stable,hotpot_stable_support,true,,,,,,,,
hotpot:5abbbaca55429931dba144ca:stable,hotpot_stable_support,true,,,,,,,,
hotpot:5a89a74e554299669944a562:stable,hotpot_stable_support,true,,,,,,,,
hotpot:5ae7d03b55429952e35ea9c2:stable,hotpot_stable_support,true,,,,,,,,
hotpot:5a8b3af455429971feec467b:stable,hotpot_stable_support,true,,,,,,,,
hotpot:5a876cd55542993e715abf36:stable,hotpot_stable_support,true,,,,,,,,
hotpot:5a80427c5542996402f6a49f:stable,hotpot_stable_support,true,,,,,,,,
hotpot:5a8534305542997b5ce3ffc4:stable,hotpot_stable_support,true,,,,,,,,
hotpot:5a9030ef5542995651fb50e4:stable,hotpot_stable_support,true,,,,,,,,
hotpot:5a88ac3d554299206df2b328:stable,hotpot_stable_support,true,,,,,,,,
hotpot:5ac3dfee554299204fd21eab:stable,hotpot_stable_support,true,,,,,,,,
hotpot:5a8cbce1554299653c1aa103:stable,hotpot_stable_support,true,,,,,,,,
hotpot:5ae03cd855429924de1b7072:stable,hotpot_stable_support,true,,,,,,,,
hotpot:5abc0ba05542996583600409:stable,hotpot_stable_support,true,,,,,,,,
hotpot:5ab9d44255429939ce03dc36:stable,hotpot_stable_support,true,,,,,,,,
hotpot:5ac3d2ac554299741d48a330:stable,hotpot_stable_support,true,,,,,,,,
hotpot:5a72a2935542991f9a20c546:stable,hotpot_stable_support,true,,,,,,,,
hotpot:5ae537e45542990ba0bbb235:stable,hotpot_stable_support,true,,,,,,,,
hotpot:5ac30a79554299657fa290e2:stable,hotpot_stable_support,true,,,,,,,,
hotpot:5a73b2fd55429978a71e907f:stable,hotpot_stable_support,true,,,,,,,,
hotpot:5adf51595542993344016c52:stable,hotpot_stable_support,true,,,,,,,,
hotpot:5ae340a85542994393b9e668:stable,hotpot_stable_support,true,,,,,,,,
hotpot:5ae395d85542992f92d82313:stable,hotpot_stable_support,true,,,,,,,,
hotpot:5ae07ddb55429945ae95937b:stable,hotpot_stable_support,true,,,,,,,,
hotpot:5a799dfb5542994bb9457029:stable,hotpot_stable_support,true,,,,,,,,
hotpot:5adce88b5542992c1e3a249a:stable,hotpot_stable_support,true,,,,,,,,
hotpot:5ac3ba1855429939154138f3:stable,hotpot_stable_support,true,,,,,,,,
hotpot:5ae5c74d554299546bf82f58:stable,hotpot_stable_support,true,,,,,,,,
hotpot:5a8ad2f3554299515336138d:stable,hotpot_stable_support,true,,,,,,,,
hotpot:5a8c758d5542995e66a475ff:stable,hotpot_stable_support,true,,,,,,,,
hotpot:5a8a9bc15542996c9b8d5f36:stable,hotpot_stable_support,true,,,,,,,,
hotpot:5addfe1c5542995b365fabaf:stable,hotpot_stable_support,true,,,,,,,,
hotpot:5ac2546a554299636651997b:stable,hotpot_stable_support,true,,,,,,,,
hotpot:5a77aa8655429949eeb29f22:stable,hotpot_stable_support,true,,,,,,,,
hotpot:5ac17c025542994d76dcce70:stable,hotpot_stable_support,true,,,,,,,,
hotpot:5a893fc855429951533612f0:stable,hotpot_stable_support,true,,,,,,,,
hotpot:5ae2c416554299492dc91c67:stable,hotpot_stable_support,true,,,,,,,,
hotpot:5ae73c065542991e8301cc18:stable,hotpot_stable_support,true,,,,,,,,
hotpot:5ae6914755429908198fa627:stable,hotpot_stable_support,true,,,,,,,,
hotpot:5abe4fd95542991f6610613d:stable,hotpot_stable_support,true,,,,,,,,
hotpot:5ae236445542992decbdcc69:stable,hotpot_stable_support,true,,,,,,,,
hotpot:5a89810655429946c8d6e929:stable,hotpot_stable_support,true,,,,,,,,
hotpot:5a7149595542994082a3e76f:stable,hotpot_stable_support,true,,,,,,,,
hotpot:5adc1ae5554299438c868d5c:stable,hotpot_stable_support,true,,,,,,,,
hotpot:5a8712095542991e771816af:stable,hotpot_stable_support,true,,,,,,,,
hotpot:5a8ec7cc5542995a26add518:stable,hotpot_stable_support,true,,,,,,,,
hotpot:5a7b3ec95542995eb53be8d3:stable,hotpot_stable_support,true,,,,,,,,
hotpot:5a86f13c554299211dda2b5e:stable,hotpot_stable_support,true,,,,,,,,
hotpot:5a73471a5542991f9a20c6d7:stable,hotpot_stable_support,true,,,,,,,,
hotpot:5a8f2fed55429918e830d1c7:stable,hotpot_stable_support,true,,,,,,,,
hotpot:5a7555215542996c70cfaee1:stable,hotpot_stable_support,true,,,,,,,,
hotpot:5a80e4b255429938b6142239:stable,hotpot_stable_support,true,,,,,,,,
hotpot:5a7f54665542992097ad2f1a:stable,hotpot_stable_support,true,,,,,,,,
hotpot:5a89d3e15542992e4fca83d4:stable,hotpot_stable_support,true,,,,,,,,
hotpot:5a72e28f5542992359bc31ba:stable,hotpot_stable_support,true,,,,,,,,
hotpot:5a8888e35542997e5c09a5f6:stable,hotpot_stable_support,true,,,,,,,,
hotpot:5abb7ff15542996cc5e4a015:stable,hotpot_stable_support,true,,,,,,,,
hotpot:5ab3b50055429969a97a818c:stable,hotpot_stable_support,true,,,,,,,,
hotpot:5abc41315542993a06baf8bb:stable,hotpot_stable_support,true,,,,,,,,
hotpot:5a7324e055429901807daf8f:stable,hotpot_stable_support,true,,,,,,,,
hotpot:5a8ccceb554299653c1aa128:stable,hotpot_stable_support,true,,,,,,,,
hotpot:5abe7c515542993f32c2a128:stable,hotpot_stable_support,true,,,,,,,,
hotpot:5ac344d6554299741d48a23f:stable,hotpot_stable_support,true,,,,,,,,
hotpot:5a74bfa55542996c70cfadcf:stable,hotpot_stable_support,true,,,,,,,,
hotpot:5add4d8f5542997545bbbd25:stable,hotpot_stable_support,true,,,,,,,,
hotpot:5abcf14f55429959677d6b5b:stable,hotpot_stable_support,true,,,,,,,,
hotpot:5a83d0845542996488c2e4e6:stable,hotpot_stable_support,true,,,,,,,,
hotpot:5a8284b555429954d2e2eb5f:stable,hotpot_stable_support,true,,,,,,,,
hotpot:5ade1f0555429975fa854e74:stable,hotpot_stable_support,true,,,,,,,,
hotpot:5a73250a5542991f9a20c643:stable,hotpot_stable_support,true,,,,,,,,
hotpot:5a712fca5542994082a3e641:stable,hotpot_stable_support,true,,,,,,,,
hotpot:5abbb0655542992ccd8e7f72:stable,hotpot_stable_support,true,,,,,,,,
hotpot:5a7563a45542996c70cfaeec:stable,hotpot_stable_support,true,,,,,,,,
hotpot:5ab859a955429934fafe6d7b:stable,hotpot_stable_support,true,,,,,,,,
hotpot:5a90b43455429916514e7523:stable,hotpot_stable_support,true,,,,,,,,
hotpot:5ac4f12d55429924173fb4f6:stable,hotpot_stable_support,true,,,,,,,,
hotpot:5ae1568a55429901ffe4ae6b:stable,hotpot_stable_support,true,,,,,,,,
