orbit_id,split,auditor2_label_answerable,auditor2_failure_type,auditor2_notes
hotpot:5a80427c5542996402f6a49f:missing_hop,hotpot_missing_hop,,,
hotpot:5a89a74e554299669944a562:missing_hop,hotpot_missing_hop,,,
fever:054f84726fc03b6b9a3dbb451d7ce66f:near_miss_dilution,fever_near_miss_dilution,,,
hotpot:5a8f51185542992414482a3d:missing_hop,hotpot_missing_hop,,,
fever:13858b57b98e2f9c12409b0725794920:missing,fever_missing_evidence,,,
fever:3556f2e9d8f29aa49df0dbfc64bfd9a3:conflict,fever_conflicting_evidence,,,
hotpot:5ae1568a55429901ffe4ae6b:distractor,hotpot_distractor,,,
fever:3701d7097c281592457c545c8b475704:distractor,fever_distractor_only,,,
fever:d1cf08aca5499414fe3c1ea49a3c6122:missing,fever_missing_evidence,,,
hotpot:5a8a9bc15542996c9b8d5f36:false_premise,hotpot_false_premise,,,
fever:38eab856ff1ff21f6f103a0a0f6aeff5:distractor,fever_distractor_only,,,
fever:92fc5c3d85cffe74a2ccbca0986f594c:fragile_mixed,fever_fragile_mixed,,,
hotpot:5a85e57a5542994c784ddbb1:distractor,hotpot_distractor,,,
hotpot:5a8430335542996488c2e500:missing_hop,hotpot_missing_hop,,,
fever:bdea39338edbc0d7c1763b26c1706893:near_miss_dilution,fever_near_miss_dilution,,,
hotpot:5a7615fb5542992db9473727:distractor,hotpot_distractor,,,
hotpot:5ab3ede755429976abd1bcf4:false_premise,hotpot_false_premise,,,
fever:989083e3842960fb273023ac7f0ba590:missing,fever_missing_evidence,,,
hotpot:5a8a9bc15542996c9b8d5f36:missing_hop,hotpot_missing_hop,,,
fever:e5058780c6af8f09b4713c01e3add958:missing,fever_missing_evidence,,,
fever:06c922a2c8055b776a5dd602e4bca0fc:conflict,fever_conflicting_evidence,,,
fever:f6d156ccf0c13686b94dfeaaf9536405:near_miss_dilution,fever_near_miss_dilution,,,
hotpot:5a8e296f554299068b959e71:missing_hop,hotpot_missing_hop,,,
fever:55dbea21a5ddc78795fe720e6d2cd90f:stable,fever_stable_evidence,,,
fever:fff87ad0354c088c7fef4b7e21342f94:near_miss_dilution,fever_near_miss_dilution,,,
fever:bf3eea8691dfb03c74e91d3438f534cb:near_miss_dilution,fever_near_miss_dilution,,,
fever:a28bfe8eecf49a564888377f1079aa98:near_miss_dilution,fever_near_miss_dilution,,,
fever:651fe439c46d953ed6d07914e2e745bf:missing,fever_missing_evidence,,,
fever:e79ca55ffb7ccadbf119ed662e0d2d6b:conflict,fever_conflicting_evidence,,,
fever:65f29071cff978f1c74896b902a2d130:distractor,fever_distractor_only,,,
fever:b39d84bf9eda57cf0901e4cd83d150a7:missing,fever_missing_evidence,,,
hotpot:5a8f2fed55429918e830d1c7:missing_hop,hotpot_missing_hop,,,
hotpot:5a8fc3b155429933b8a20454:distractor,hotpot_distractor,,,
hotpot:5a8319b255429940e5e1a960:distractor,hotpot_distractor,,,
fever:3556f2e9d8f29aa49df0dbfc64bfd9a3:missing,fever_missing_evidence,,,
hotpot:5a90b43455429916514e7523:missing_hop,hotpot_missing_hop,,,
hotpot:5a8e296f554299068b959e71:distractor,hotpot_distractor,,,
hotpot:5abcf14f55429959677d6b5b:distractor,hotpot_distractor,,,
fever:2138380aeaca8fe933ae0d605734bb12:conflict,fever_conflicting_evidence,,,
hotpot:5addfe1c5542995b365fabaf:stable,hotpot_stable_support,,,
fever:03c14a49b6c6ab52e1a7ef634b4cf997:stable,fever_stable_evidence,,,
fever:c912588579ded55d3357f5223ac1a586:stable,fever_stable_evidence,,,
hotpot:5ade79335542997c77adee38:distractor,hotpot_distractor,,,
fever:3381ded44836d92177a23c03b4f2a0fd:distractor,fever_distractor_only,,,
hotpot:5ab97cd0554299753720f81a:missing_hop,hotpot_missing_hop,,,
fever:836c9cbbf4318eec179b9522b945efd4:distractor,fever_distractor_only,,,
hotpot:5ab9aed855429970cfb8eb6d:stable,hotpot_stable_support,,,
fever:f711e56b9e7d416533dcb19ad93e0d55:missing,fever_missing_evidence,,,
hotpot:5abadc355542996606241644:false_premise,hotpot_false_premise,,,
hotpot:5ae537e45542990ba0bbb235:distractor,hotpot_distractor,,,
fever:47ad43b593026f0823c03124e460808c:fragile_mixed,fever_fragile_mixed,,,
fever:7466dbd0ec1b3c658b82f41744d30ea7:conflict,fever_conflicting_evidence,,,
fever:877d6d6721b95c9ad2ef32c728a604ab:fragile_mixed,fever_fragile_mixed,,,
fever:7e1db4a650a7b6af58262f177d3186e5:missing,fever_missing_evidence,,,
hotpot:5a8da81e554299068b959d7e:stable,hotpot_stable_support,,,
hotpot:5a8fc3b155429933b8a20454:false_premise,hotpot_false_premise,,,
hotpot:5abc41315542993a06baf8bb:stable,hotpot_stable_support,,,
fever:c8332dc3860b9aee291ccaba1da72be8:stable,fever_stable_evidence,,,
hotpot:5aba72d75542994dbf019912:missing_hop,hotpot_missing_hop,,,
fever:f46173991afadb7336be97d4e3b37352:fragile_mixed,fever_fragile_mixed,,,
fever:8824627ac67df3c1385bbeba4d9b9900:fragile_mixed,fever_fragile_mixed,,,
fever:702df8de20befaa697b7f16b0bcf23af:near_miss_dilution,fever_near_miss_dilution,,,
hotpot:5a8fc3b155429933b8a20454:missing_hop,hotpot_missing_hop,,,
fever:83d6a70d4372aad244a0527fabb54494:missing,fever_missing_evidence,,,
fever:6447a89275cb5b43cfd7073a237a3a3c:stable,fever_stable_evidence,,,
fever:386d36c945bb011d1acb6a755d1914c9:conflict,fever_conflicting_evidence,,,
fever:65f29071cff978f1c74896b902a2d130:conflict,fever_conflicting_evidence,,,
hotpot:5abb254c5542992ccd8e7f29:distractor,hotpot_distractor,,,
hotpot:5a8ad2f3554299515336138d:false_premise,hotpot_false_premise,,,
fever:dd237b1c0799c3098721eb9f10c0b8a3:near_miss_dilution,fever_near_miss_dilution,,,
fever:4c48daa520d9990325a69b3b83c6bb03:near_miss_dilution,fever_near_miss_dilution,,,
fever:a6134b5a37cdc1ac84fb08cb5c75830c:conflict,fever_conflicting_evidence,,,
fever:193b6680613ec77bda65b17217b26bd4:fragile_mixed,fever_fragile_mixed,,,
fever:f6d156ccf0c13686b94dfeaaf9536405:stable,fever_stable_evidence,,,
hotpot:5ae09ce855429924de1b7113:missing_hop,hotpot_missing_hop,,,
fever:06fe5e3bbac735be1aa72c19f2405175:stable,fever_stable_evidence,,,
hotpot:5abadc355542996606241644:distractor,hotpot_distractor,,,
fever:9752ba2a38bb2b0e9002f90fbbbe1ee7:conflict,fever_conflicting_evidence,,,
hotpot:5a8eb51655429917b4a5bdb5:missing_hop,hotpot_missing_hop,,,
hotpot:5a8b1a925542997f31a41c6e:stable,hotpot_stable_support,,,
fever:b39d84bf9eda57cf0901e4cd83d150a7:distractor,fever_distractor_only,,,
hotpot:5a77aa8655429949eeb29f22:false_premise,hotpot_false_premise,,,
fever:b39d84bf9eda57cf0901e4cd83d150a7:conflict,fever_conflicting_evidence,,,
fever:a28bfe8eecf49a564888377f1079aa98:missing,fever_missing_evidence,,,
hotpot:5a80427c5542996402f6a49f:distractor,hotpot_distractor,,,
hotpot:5ab724b45542991d32223785:distractor,hotpot_distractor,,,
hotpot:5a799dfb5542994bb9457029:distractor,hotpot_distractor,,,
fever:016714803910e36a4d8f16b464dcb617:conflict,fever_conflicting_evidence,,,
fever:66b79a49ae82dd00f020bed681b8d327:fragile_mixed,fever_fragile_mixed,,,
fever:554756e51326df724ebbef50e3175916:fragile_mixed,fever_fragile_mixed,,,
fever:0b7a24a63582d89932b2b8295921ec7f:stable,fever_stable_evidence,,,
hotpot:5adec4695542992fa25da83a:distractor,hotpot_distractor,,,
fever:5df33ab60216181abbffcedb7e57221c:distractor,fever_distractor_only,,,
hotpot:5ab859a955429934fafe6d7b:distractor,hotpot_distractor,,,
fever:a8bc907ab108b4d319a6ceb84fbd8360:near_miss_dilution,fever_near_miss_dilution,,,
hotpot:5adc1ae5554299438c868d5c:false_premise,hotpot_false_premise,,,
fever:28e4e92b769669bb57d979b036e03546:distractor,fever_distractor_only,,,
fever:c28aa5a772d112782ad4d550b843085f:stable,fever_stable_evidence,,,
hotpot:5a777fd655429949eeb29e93:false_premise,hotpot_false_premise,,,
fever:a28bfe8eecf49a564888377f1079aa98:stable,fever_stable_evidence,,,
fever:d5306949867167b98ec9be90b04f184b:conflict,fever_conflicting_evidence,,,
fever:b39d84bf9eda57cf0901e4cd83d150a7:near_miss_dilution,fever_near_miss_dilution,,,
hotpot:5a8639545542991e771815c7:missing_hop,hotpot_missing_hop,,,
hotpot:5a7a73e45542996c55b2ddb6:distractor,hotpot_distractor,,,
hotpot:5ab9d44255429939ce03dc36:distractor,hotpot_distractor,,,
fever:2e67502bce2f4e30b9aaed2e3aff8db3:fragile_mixed,fever_fragile_mixed,,,
hotpot:5ac2c338554299657fa29039:stable,hotpot_stable_support,,,
fever:e663d5f8f00d2fd1ea27ccf63ec662c0:near_miss_dilution,fever_near_miss_dilution,,,
fever:fa6153ce2a81a8a8c5d06ef51d85082d:conflict,fever_conflicting_evidence,,,
fever:2b1f49f34cfa69719081344d227097bb:conflict,fever_conflicting_evidence,,,
hotpot:5a799dfb5542994bb9457029:missing_hop,hotpot_missing_hop,,,
hotpot:5a8284b555429954d2e2eb5f:missing_hop,hotpot_missing_hop,,,
hotpot:5a8cbce1554299653c1aa103:missing_hop,hotpot_missing_hop,,,
fever:3381ded44836d92177a23c03b4f2a0fd:fragile_mixed,fever_fragile_mixed,,,
fever:2d970a774ac485e99e19a63becad6831:fragile_mixed,fever_fragile_mixed,,,
fever:bc68040ddfc0fec28f4a705adddfa808:fragile_mixed,fever_fragile_mixed,,,
fever:ab70fa4b49daa931021470a7782d3e43:distractor,fever_distractor_only,,,
fever:03c14a49b6c6ab52e1a7ef634b4cf997:conflict,fever_conflicting_evidence,,,
fever:3e3cf2f3b300405b4df42f58cd57f786:conflict,fever_conflicting_evidence,,,
fever:088279c1aad3aedb82905abc0b8ec9f7:near_miss_dilution,fever_near_miss_dilution,,,
hotpot:5ac344d6554299741d48a23f:false_premise,hotpot_false_premise,,,
hotpot:5a7324e055429901807daf8f:distractor,hotpot_distractor,,,
hotpot:5ae518ae5542993aec5ec13c:missing_hop,hotpot_missing_hop,,,
fever:836c9cbbf4318eec179b9522b945efd4:stable,fever_stable_evidence,,,
hotpot:5ae537e45542990ba0bbb235:missing_hop,hotpot_missing_hop,,,
hotpot:5a7dedef5542995f4f40231a:false_premise,hotpot_false_premise,,,
hotpot:5a88ac3d554299206df2b328:missing_hop,hotpot_missing_hop,,,
fever:13f29eefe12b1f108995304b0702ff94:fragile_mixed,fever_fragile_mixed,,,
fever:35a77ed2125968f8b7b35c40173f099f:fragile_mixed,fever_fragile_mixed,,,
hotpot:5a8c758d5542995e66a475ff:missing_hop,hotpot_missing_hop,,,
fever:e11b63eeebdea6a9ea693fdcc2002154:stable,fever_stable_evidence,,,
fever:bc68040ddfc0fec28f4a705adddfa808:missing,fever_missing_evidence,,,
fever:0cff660cc8477c3853a08a41441f4cc4:conflict,fever_conflicting_evidence,,,
fever:a28bfe8eecf49a564888377f1079aa98:fragile_mixed,fever_fragile_mixed,,,
hotpot:5ac10832554299012d1db687:false_premise,hotpot_false_premise,,,
fever:836c9cbbf4318eec179b9522b945efd4:conflict,fever_conflicting_evidence,,,
hotpot:5ae1f079554299234fd04343:missing_hop,hotpot_missing_hop,,,
fever:64b4a0a09f8bfff1f6ce4b71fddba7c9:near_miss_dilution,fever_near_miss_dilution,,,
fever:6a6bb082ecedeec532bdba1f18a9b60d:distractor,fever_distractor_only,,,
hotpot:5adf51595542993344016c52:missing_hop,hotpot_missing_hop,,,
hotpot:5adef80b5542993a75d263c4:false_premise,hotpot_false_premise,,,
fever:a3a7421f72c0e14accff8702a4ecd1a7:conflict,fever_conflicting_evidence,,,
hotpot:5ade6b67554299728e26c71c:distractor,hotpot_distractor,,,
hotpot:5a777fd655429949eeb29e93:stable,hotpot_stable_support,,,
fever:56ba53ef115ae2c4ecde753bb3753720:conflict,fever_conflicting_evidence,,,
fever:4c48daa520d9990325a69b3b83c6bb03:missing,fever_missing_evidence,,,
fever:55876af9a4534f8375d0041ed5813388:missing,fever_missing_evidence,,,
fever:95ef7c6ddfbb26e520eed5464bff111a:near_miss_dilution,fever_near_miss_dilution,,,
fever:25dc4f70725e49253af408b42070e0c8:distractor,fever_distractor_only,,,
fever:0e84d99e0acf22dfe4d005573af3b3c1:near_miss_dilution,fever_near_miss_dilution,,,
hotpot:5ac4f12d55429924173fb4f6:distractor,hotpot_distractor,,,
hotpot:5ab73de755429928e1fe383b:stable,hotpot_stable_support,,,
fever:becbf3a5b37b810767d6576a1f97d4cf:conflict,fever_conflicting_evidence,,,
fever:92fc5c3d85cffe74a2ccbca0986f594c:stable,fever_stable_evidence,,,
fever:ce9162d5ca725a54e1507fc8a3f1e491:missing,fever_missing_evidence,,,
hotpot:5ab1eac95542993be8fa987f:distractor,hotpot_distractor,,,
fever:70b4102837ac267192f2476b1e813433:conflict,fever_conflicting_evidence,,,
fever:f3ea0c96c8fea1033fdbbe5959bb8565:distractor,fever_distractor_only,,,
hotpot:5a74684655429929fddd8410:missing_hop,hotpot_missing_hop,,,
fever:4d5dc8f109518520f3c4f2fe6609e414:stable,fever_stable_evidence,,,
hotpot:5ac3a7f75542993915413890:false_premise,hotpot_false_premise,,,
hotpot:5ac1d40c5542994d76dccef5:false_premise,hotpot_false_premise,,,
fever:f711e56b9e7d416533dcb19ad93e0d55:fragile_mixed,fever_fragile_mixed,,,
hotpot:5a8a9bc15542996c9b8d5f36:distractor,hotpot_distractor,,,
fever:8e5bce57b08fa33fe5f916cf4b4baaa2:conflict,fever_conflicting_evidence,,,
hotpot:5a7de14a5542991319bc93fc:false_premise,hotpot_false_premise,,,
fever:1c4002eb1ee66c816030357de9f5ada7:fragile_mixed,fever_fragile_mixed,,,
fever:193b6680613ec77bda65b17217b26bd4:near_miss_dilution,fever_near_miss_dilution,,,
fever:610a2445aa427f79056046f97acfc350:stable,fever_stable_evidence,,,
fever:06c922a2c8055b776a5dd602e4bca0fc:fragile_mixed,fever_fragile_mixed,,,
fever:9f152a0f926233e48854f8fb71d10440:missing,fever_missing_evidence,,,
fever:bf3eea8691dfb03c74e91d3438f534cb:missing,fever_missing_evidence,,,
fever:0b7a24a63582d89932b2b8295921ec7f:fragile_mixed,fever_fragile_mixed,,,
fever:ae9c32d7fc902f56cc97f2d84d922e76:fragile_mixed,fever_fragile_mixed,,,
fever:e6325a0aa0433ccebee1e82b8387e4e0:fragile_mixed,fever_fragile_mixed,,,
fever:c912588579ded55d3357f5223ac1a586:near_miss_dilution,fever_near_miss_dilution,,,
hotpot:5a74bfa55542996c70cfadcf:stable,hotpot_stable_support,,,
fever:323fee0052d2af279250eaba99a050c4:stable,fever_stable_evidence,,,
hotpot:5abeb3525542993fe9a41d03:false_premise,hotpot_false_premise,,,
hotpot:5a8c758d5542995e66a475ff:distractor,hotpot_distractor,,,
hotpot:5ac1b3a75542994ab5c67dd2:distractor,hotpot_distractor,,,
hotpot:5ae4808455429970de88d990:distractor,hotpot_distractor,,,
fever:ff3e7bc4391581495003070a00a44758:missing,fever_missing_evidence,,,
hotpot:5a77aa8655429949eeb29f22:stable,hotpot_stable_support,,,
fever:91a6285eee0f1424f6cddfecf770c9ab:near_miss_dilution,fever_near_miss_dilution,,,
fever:30c91495984c16a6f1f0f40734b2f046:fragile_mixed,fever_fragile_mixed,,,
fever:95ef7c6ddfbb26e520eed5464bff111a:stable,fever_stable_evidence,,,
fever:877d6d6721b95c9ad2ef32c728a604ab:stable,fever_stable_evidence,,,
hotpot:5a72c6f65542994cef4bc402:false_premise,hotpot_false_premise,,,
fever:c7f802075a39c81ed5d526bfb4af73de:stable,fever_stable_evidence,,,
fever:d2da8ad657b4e44715bc223934bec323:fragile_mixed,fever_fragile_mixed,,,
fever:bf609af77457797f9f6149f0856539d2:fragile_mixed,fever_fragile_mixed,,,
fever:dd237b1c0799c3098721eb9f10c0b8a3:fragile_mixed,fever_fragile_mixed,,,
fever:957bd9985949e2ad28195ceb83af45c9:fragile_mixed,fever_fragile_mixed,,,
fever:25dc4f70725e49253af408b42070e0c8:stable,fever_stable_evidence,,,
hotpot:5a89d3e15542992e4fca83d4:stable,hotpot_stable_support,,,
fever:3afbac0242cbb668d6e754a15f3e72ec:stable,fever_stable_evidence,,,
hotpot:5a7a3bed5542996c55b2dd45:distractor,hotpot_distractor,,,
fever:793efde1706e1eaad1572938ede4ea5f:stable,fever_stable_evidence,,,
fever:e6325a0aa0433ccebee1e82b8387e4e0:missing,fever_missing_evidence,,,
fever:e11b63eeebdea6a9ea693fdcc2002154:missing,fever_missing_evidence,,,
fever:b3bf3e054bc51c613047bbcf930be3c6:missing,fever_missing_evidence,,,
fever:0bac0599230041012d8d13320201d653:missing,fever_missing_evidence,,,
fever:1abe6bf91985ab5ea8719381c510f5da:stable,fever_stable_evidence,,,
hotpot:5a8f122955429918e830d17f:missing_hop,hotpot_missing_hop,,,
fever:8e5bce57b08fa33fe5f916cf4b4baaa2:missing,fever_missing_evidence,,,
fever:dd237b1c0799c3098721eb9f10c0b8a3:missing,fever_missing_evidence,,,
fever:1536c4c2df670f0caca8cb3007255eb7:near_miss_dilution,fever_near_miss_dilution,,,
fever:f2a38cc0b0a3707ec5e41f9f3dcec52b:distractor,fever_distractor_only,,,
fever:574bd7335867fa5e4bdc54aed8219daf:fragile_mixed,fever_fragile_mixed,,,
hotpot:5adf32165542993344016c15:stable,hotpot_stable_support,,,
fever:83d6a70d4372aad244a0527fabb54494:fragile_mixed,fever_fragile_mixed,,,
fever:2b054996552821b176db8b755c717377:missing,fever_missing_evidence,,,
hotpot:5a8b3af455429971feec467b:missing_hop,hotpot_missing_hop,,,
fever:2eeb27201fb684650fb99864c974da29:near_miss_dilution,fever_near_miss_dilution,,,
fever:fee28f3a2d3ae0d0bf56a70a239e86f2:fragile_mixed,fever_fragile_mixed,,,
fever:fbc9973d9638190455965bfdf88e7bb4:missing,fever_missing_evidence,,,
fever:956270943e7e377602d738ba602c85d5:conflict,fever_conflicting_evidence,,,
fever:1113ae2184fab587e1bff0982411eb36:fragile_mixed,fever_fragile_mixed,,,
fever:fee28f3a2d3ae0d0bf56a70a239e86f2:distractor,fever_distractor_only,,,
fever:9752ba2a38bb2b0e9002f90fbbbe1ee7:near_miss_dilution,fever_near_miss_dilution,,,
hotpot:5a774e9c55429972597f14f3:distractor,hotpot_distractor,,,
hotpot:5adc1ae5554299438c868d5c:stable,hotpot_stable_support,,,
fever:3381ded44836d92177a23c03b4f2a0fd:near_miss_dilution,fever_near_miss_dilution,,,
fever:06c922a2c8055b776a5dd602e4bca0fc:missing,fever_missing_evidence,,,
hotpot:5abcfc365542993a06baf9d6:missing_hop,hotpot_missing_hop,,,
fever:e663d5f8f00d2fd1ea27ccf63ec662c0:distractor,fever_distractor_only,,,
hotpot:5ab926bc554299131ca42285:false_premise,hotpot_false_premise,,,
hotpot:5a7f54665542992097ad2f1a:stable,hotpot_stable_support,,,
hotpot:5ae2c416554299492dc91c67:distractor,hotpot_distractor,,,
fever:054f84726fc03b6b9a3dbb451d7ce66f:distractor,fever_distractor_only,,,
hotpot:5a88ac3d554299206df2b328:distractor,hotpot_distractor,,,
hotpot:5ac3ba1855429939154138f3:missing_hop,hotpot_missing_hop,,,
fever:8371b76bb463ed466f3daf39a79de8b8:distractor,fever_distractor_only,,,
hotpot:5ae1568a55429901ffe4ae6b:missing_hop,hotpot_missing_hop,,,
fever:ab70fa4b49daa931021470a7782d3e43:stable,fever_stable_evidence,,,
hotpot:5ae236445542992decbdcc69:distractor,hotpot_distractor,,,
fever:5f659bc392f88fc161676aa83bf206cf:stable,fever_stable_evidence,,,
hotpot:5ae6914755429908198fa627:distractor,hotpot_distractor,,,
hotpot:5a8eb51655429917b4a5bdb5:false_premise,hotpot_false_premise,,,
fever:b9144b8ad4737b2b369fc117e1d73f09:fragile_mixed,fever_fragile_mixed,,,
hotpot:5adddf5d5542997dc7907078:distractor,hotpot_distractor,,,
fever:1c7e6e416edc4a638d44f1a3ad7ff666:missing,fever_missing_evidence,,,
fever:088279c1aad3aedb82905abc0b8ec9f7:distractor,fever_distractor_only,,,
fever:d775cdfa9e80847219c174af7893ef0e:distractor,fever_distractor_only,,,
fever:3d392e13a44a51db958cb46811dea8b7:fragile_mixed,fever_fragile_mixed,,,
hotpot:5a79c6a55542994bb9457091:missing_hop,hotpot_missing_hop,,,
fever:7976b9f18968112447d906bbf5f7eb1b:conflict,fever_conflicting_evidence,,,
fever:2b1f49f34cfa69719081344d227097bb:fragile_mixed,fever_fragile_mixed,,,
hotpot:5ade6b67554299728e26c71c:missing_hop,hotpot_missing_hop,,,
fever:38eab856ff1ff21f6f103a0a0f6aeff5:conflict,fever_conflicting_evidence,,,
fever:0b7a24a63582d89932b2b8295921ec7f:conflict,fever_conflicting_evidence,,,
fever:66b79a49ae82dd00f020bed681b8d327:conflict,fever_conflicting_evidence,,,
fever:2ce8305d97542bce4894eb8ec1de118b:missing,fever_missing_evidence,,,
hotpot:5a893fc855429951533612f0:false_premise,hotpot_false_premise,,,
hotpot:5a7a3bed5542996c55b2dd45:missing_hop,hotpot_missing_hop,,,
fever:59a392e982882e5756b1ab68a2a44553:conflict,fever_conflicting_evidence,,,
hotpot:5a80e4b255429938b6142239:false_premise,hotpot_false_premise,,,
fever:13f29eefe12b1f108995304b0702ff94:stable,fever_stable_evidence,,,
hotpot:5abcf14f55429959677d6b5b:stable,hotpot_stable_support,,,
hotpot:5a79c6a55542994bb9457091:false_premise,hotpot_false_premise,,,
hotpot:5ae73c065542991e8301cc18:false_premise,hotpot_false_premise,,,
fever:e5058780c6af8f09b4713c01e3add958:fragile_mixed,fever_fragile_mixed,,,
hotpot:5ab724b45542991d32223785:missing_hop,hotpot_missing_hop,,,
hotpot:5a7c988755429935c91b524d:false_premise,hotpot_false_premise,,,
hotpot:5a7c0dab5542997c3ec972d2:stable,hotpot_stable_support,,,
fever:9752ba2a38bb2b0e9002f90fbbbe1ee7:fragile_mixed,fever_fragile_mixed,,,
fever:b93a764a836b84571e8c8d30d6dae9c3:near_miss_dilution,fever_near_miss_dilution,,,
hotpot:5a8ccceb554299653c1aa128:distractor,hotpot_distractor,,,
fever:b33baad305231b6f8be0bdfda21885b4:conflict,fever_conflicting_evidence,,,
hotpot:5add39c45542995b365faac5:distractor,hotpot_distractor,,,
fever:554756e51326df724ebbef50e3175916:missing,fever_missing_evidence,,,
fever:2b054996552821b176db8b755c717377:fragile_mixed,fever_fragile_mixed,,,
hotpot:5a8430335542996488c2e500:false_premise,hotpot_false_premise,,,
hotpot:5abb254c5542992ccd8e7f29:missing_hop,hotpot_missing_hop,,,
fever:97a0924efff3f510cb30789e15682a99:conflict,fever_conflicting_evidence,,,
fever:d2f42de0037339ce7a7027a999a10da4:distractor,fever_distractor_only,,,
fever:1abe6bf91985ab5ea8719381c510f5da:conflict,fever_conflicting_evidence,,,
fever:5f659bc392f88fc161676aa83bf206cf:fragile_mixed,fever_fragile_mixed,,,
hotpot:5ae38b115542990afbd1e183:missing_hop,hotpot_missing_hop,,,
fever:ce9162d5ca725a54e1507fc8a3f1e491:conflict,fever_conflicting_evidence,,,
fever:3e3cf2f3b300405b4df42f58cd57f786:missing,fever_missing_evidence,,,
fever:e8f235cdc9269c5928f507f9603929fa:distractor,fever_distractor_only,,,
hotpot:5ae03cd855429924de1b7072:missing_hop,hotpot_missing_hop,,,
fever:38eab856ff1ff21f6f103a0a0f6aeff5:near_miss_dilution,fever_near_miss_dilution,,,
fever:016714803910e36a4d8f16b464dcb617:missing,fever_missing_evidence,,,
fever:7d4674560187f6a965fa7075e37232d9:stable,fever_stable_evidence,,,
fever:5e85124bcdf4cc6586d31b0a34d39834:fragile_mixed,fever_fragile_mixed,,,
fever:1284db3a3f834e4fdacb2f217da574ce:missing,fever_missing_evidence,,,
hotpot:5a7555215542996c70cfaee1:distractor,hotpot_distractor,,,
fever:79efec98a8d8063f333ca1c9a19718fa:conflict,fever_conflicting_evidence,,,
hotpot:5adddf5d5542997dc7907078:stable,hotpot_stable_support,,,
hotpot:5a7f54665542992097ad2f1a:false_premise,hotpot_false_premise,,,
hotpot:5abaca935542996606241610:stable,hotpot_stable_support,,,
fever:e7abdb3acb8f93cea357bada874bb019:distractor,fever_distractor_only,,,
hotpot:5ab2be71554299166977408c:stable,hotpot_stable_support,,,
fever:25dc4f70725e49253af408b42070e0c8:conflict,fever_conflicting_evidence,,,
fever:7976b9f18968112447d906bbf5f7eb1b:near_miss_dilution,fever_near_miss_dilution,,,
fever:2eeb27201fb684650fb99864c974da29:distractor,fever_distractor_only,,,
hotpot:5ae73c065542991e8301cc18:stable,hotpot_stable_support,,,
fever:79efec98a8d8063f333ca1c9a19718fa:near_miss_dilution,fever_near_miss_dilution,,,
fever:bf3eea8691dfb03c74e91d3438f534cb:fragile_mixed,fever_fragile_mixed,,,
fever:2138380aeaca8fe933ae0d605734bb12:missing,fever_missing_evidence,,,
fever:36791253a6dae3457ffbdc0bd76cad5d:fragile_mixed,fever_fragile_mixed,,,
fever:a6134b5a37cdc1ac84fb08cb5c75830c:stable,fever_stable_evidence,,,
hotpot:5a8284b555429954d2e2eb5f:false_premise,hotpot_false_premise,,,
hotpot:5ae73c065542991e8301cc18:missing_hop,hotpot_missing_hop,,,
fever:bc97f82071c90fc4f43fb43105b8f5b9:missing,fever_missing_evidence,,,
fever:3701d7097c281592457c545c8b475704:missing,fever_missing_evidence,,,
fever:f0b502679a3f691deb68290e0afe1da0:stable,fever_stable_evidence,,,
hotpot:5a7ae2f2554299042af8f6aa:distractor,hotpot_distractor,,,
fever:8bc408061f11caf9b82e3a738f611d01:distractor,fever_distractor_only,,,
fever:99a776f1150c72b09e7f0c3c8f17eb0a:conflict,fever_conflicting_evidence,,,
hotpot:5a80427c5542996402f6a49f:false_premise,hotpot_false_premise,,,
fever:0222cd14e3c1da3a98f2d56dc50b875f:distractor,fever_distractor_only,,,
hotpot:5ac30a79554299657fa290e2:stable,hotpot_stable_support,,,
fever:610a2445aa427f79056046f97acfc350:missing,fever_missing_evidence,,,
fever:53dff39d43e881fae9e66887c9b25eca:stable,fever_stable_evidence,,,
hotpot:5ade79335542997c77adee38:missing_hop,hotpot_missing_hop,,,
fever:1954b1268f583bf282a2beb07dc5a758:conflict,fever_conflicting_evidence,,,
hotpot:5a89810655429946c8d6e929:missing_hop,hotpot_missing_hop,,,
hotpot:5a74684655429929fddd8410:stable,hotpot_stable_support,,,
hotpot:5a89dd4d554299669944a5e3:missing_hop,hotpot_missing_hop,,,
fever:891c3404da6e72531b64e9b9a3cf5847:fragile_mixed,fever_fragile_mixed,,,
hotpot:5ae7d03b55429952e35ea9c2:false_premise,hotpot_false_premise,,,
fever:5e85124bcdf4cc6586d31b0a34d39834:missing,fever_missing_evidence,,,
hotpot:5ae1568a55429901ffe4ae6b:false_premise,hotpot_false_premise,,,
hotpot:5a7a5ccf55429941d65f25d7:stable,hotpot_stable_support,,,
fever:b3bf3e054bc51c613047bbcf930be3c6:conflict,fever_conflicting_evidence,,,
fever:3e3cf2f3b300405b4df42f58cd57f786:near_miss_dilution,fever_near_miss_dilution,,,
hotpot:5ab926bc554299131ca42285:stable,hotpot_stable_support,,,
fever:cb0149e9c4f81308cf73288a6ed250f4:distractor,fever_distractor_only,,,
fever:4c7ed298fb26519aa7a58a94e27abd79:conflict,fever_conflicting_evidence,,,
fever:2ce8305d97542bce4894eb8ec1de118b:stable,fever_stable_evidence,,,
hotpot:5a85e57a5542994c784ddbb1:missing_hop,hotpot_missing_hop,,,
hotpot:5ab44ab25542991779162c58:stable,hotpot_stable_support,,,
hotpot:5a7a3bed5542996c55b2dd45:false_premise,hotpot_false_premise,,,
fever:becbf3a5b37b810767d6576a1f97d4cf:missing,fever_missing_evidence,,,
fever:3701d7097c281592457c545c8b475704:near_miss_dilution,fever_near_miss_dilution,,,
hotpot:5a73471a5542991f9a20c6d7:false_premise,hotpot_false_premise,,,
fever:3e3cf2f3b300405b4df42f58cd57f786:distractor,fever_distractor_only,,,
fever:48f5f70e6fe2f4fc1832e6fe5854c968:conflict,fever_conflicting_evidence,,,
fever:b33baad305231b6f8be0bdfda21885b4:missing,fever_missing_evidence,,,
fever:66b79a49ae82dd00f020bed681b8d327:missing,fever_missing_evidence,,,
fever:2d970a774ac485e99e19a63becad6831:conflict,fever_conflicting_evidence,,,
fever:d775cdfa9e80847219c174af7893ef0e:conflict,fever_conflicting_evidence,,,
hotpot:5ae1568a55429901ffe4ae6b:stable,hotpot_stable_support,,,
hotpot:5abba584554299642a094afa:stable,hotpot_stable_support,,,
hotpot:5a7905f555429974737f7947:distractor,hotpot_distractor,,,
hotpot:5ab499a55542996a3a969f9f:distractor,hotpot_distractor,,,
fever:8a4f5c335c85011811cd326d0532a5bd:near_miss_dilution,fever_near_miss_dilution,,,
fever:dd237b1c0799c3098721eb9f10c0b8a3:conflict,fever_conflicting_evidence,,,
fever:b39d84bf9eda57cf0901e4cd83d150a7:stable,fever_stable_evidence,,,
fever:6a6bb082ecedeec532bdba1f18a9b60d:near_miss_dilution,fever_near_miss_dilution,,,
fever:a8bc907ab108b4d319a6ceb84fbd8360:fragile_mixed,fever_fragile_mixed,,,
hotpot:5a74bfa55542996c70cfadcf:distractor,hotpot_distractor,,,
hotpot:5a73471a5542991f9a20c6d7:distractor,hotpot_distractor,,,
fever:1c4002eb1ee66c816030357de9f5ada7:distractor,fever_distractor_only,,,
hotpot:5a7e02e05542995ed0d1667c:stable,hotpot_stable_support,,,
fever:2eeb27201fb684650fb99864c974da29:stable,fever_stable_evidence,,,
fever:9f152a0f926233e48854f8fb71d10440:fragile_mixed,fever_fragile_mixed,,,
fever:d6c3dbcb3efa245e197f2affcc827c2d:near_miss_dilution,fever_near_miss_dilution,,,
hotpot:5a7615fb5542992db9473727:false_premise,hotpot_false_premise,,,
fever:f4b12ca80b01ec5d2144429cfe36d663:distractor,fever_distractor_only,,,
hotpot:5ab9d44255429939ce03dc36:stable,hotpot_stable_support,,,
hotpot:5a7a5ccf55429941d65f25d7:missing_hop,hotpot_missing_hop,,,
fever:fa0f603655a05c3cdd7b2af1d8c482c1:fragile_mixed,fever_fragile_mixed,,,
fever:3701d7097c281592457c545c8b475704:stable,fever_stable_evidence,,,
fever:13f29eefe12b1f108995304b0702ff94:near_miss_dilution,fever_near_miss_dilution,,,
fever:dd1200382175dd95000b12ec9aca6978:near_miss_dilution,fever_near_miss_dilution,,,
hotpot:5ae773eb5542997b22f6a777:distractor,hotpot_distractor,,,
fever:e03cffc0671620bb304cd4f8979d59bd:fragile_mixed,fever_fragile_mixed,,,
hotpot:5a70f39c5542994082a3e429:missing_hop,hotpot_missing_hop,,,
hotpot:5ab69f9a554299710c8d1ef8:missing_hop,hotpot_missing_hop,,,
fever:8f07cf1686bc953d1bbed9d01116af82:missing,fever_missing_evidence,,,
hotpot:5adf39295542992d7e9f92df:stable,hotpot_stable_support,,,
hotpot:5ae773eb5542997b22f6a777:stable,hotpot_stable_support,,,
hotpot:5ac344d6554299741d48a23f:stable,hotpot_stable_support,,,
hotpot:5ae4c5595542990ba0bbb123:missing_hop,hotpot_missing_hop,,,
fever:bc68040ddfc0fec28f4a705adddfa808:stable,fever_stable_evidence,,,
fever:53dff39d43e881fae9e66887c9b25eca:missing,fever_missing_evidence,,,
hotpot:5adce88b5542992c1e3a249a:false_premise,hotpot_false_premise,,,
fever:fbc9973d9638190455965bfdf88e7bb4:distractor,fever_distractor_only,,,
fever:b9144b8ad4737b2b369fc117e1d73f09:near_miss_dilution,fever_near_miss_dilution,,,
fever:c28aa5a772d112782ad4d550b843085f:fragile_mixed,fever_fragile_mixed,,,
fever:53dff39d43e881fae9e66887c9b25eca:fragile_mixed,fever_fragile_mixed,,,
hotpot:5ac471a5554299194317399a:stable,hotpot_stable_support,,,
hotpot:5ae236445542992decbdcc69:missing_hop,hotpot_missing_hop,,,
fever:3556f2e9d8f29aa49df0dbfc64bfd9a3:fragile_mixed,fever_fragile_mixed,,,
fever:2138380aeaca8fe933ae0d605734bb12:stable,fever_stable_evidence,,,
fever:f46173991afadb7336be97d4e3b37352:stable,fever_stable_evidence,,,
fever:13858b57b98e2f9c12409b0725794920:distractor,fever_distractor_only,,,
fever:06c922a2c8055b776a5dd602e4bca0fc:near_miss_dilution,fever_near_miss_dilution,,,
fever:91a6285eee0f1424f6cddfecf770c9ab:fragile_mixed,fever_fragile_mixed,,,
fever:f0b502679a3f691deb68290e0afe1da0:fragile_mixed,fever_fragile_mixed,,,
fever:03ef9fd00d461455d04454fc9be7c33a:conflict,fever_conflicting_evidence,,,
fever:c474146fe2fd09d1c418090f49f54e9e:conflict,fever_conflicting_evidence,,,
fever:7976b9f18968112447d906bbf5f7eb1b:missing,fever_missing_evidence,,,
fever:df6e485a3b50c0dc9e3cca0a5bd71897:stable,fever_stable_evidence,,,
fever:25dc4f70725e49253af408b42070e0c8:fragile_mixed,fever_fragile_mixed,,,
fever:99a776f1150c72b09e7f0c3c8f17eb0a:fragile_mixed,fever_fragile_mixed,,,
fever:1113ae2184fab587e1bff0982411eb36:stable,fever_stable_evidence,,,
fever:386d36c945bb011d1acb6a755d1914c9:missing,fever_missing_evidence,,,
fever:53dff39d43e881fae9e66887c9b25eca:distractor,fever_distractor_only,,,
hotpot:5ae38b115542990afbd1e183:stable,hotpot_stable_support,,,
fever:2eca9985513b63a439e257a2521a0b2b:distractor,fever_distractor_only,,,
hotpot:5a8712095542991e771816af:distractor,hotpot_distractor,,,
fever:7d4674560187f6a965fa7075e37232d9:conflict,fever_conflicting_evidence,,,
hotpot:5ae7cea355429952e35ea9c1:false_premise,hotpot_false_premise,,,
fever:3330cf2427b9766f8a7ba4b6c22bdb67:missing,fever_missing_evidence,,,
hotpot:5adf51595542993344016c52:stable,hotpot_stable_support,,,
fever:e11b63eeebdea6a9ea693fdcc2002154:conflict,fever_conflicting_evidence,,,
fever:c28aa5a772d112782ad4d550b843085f:missing,fever_missing_evidence,,,
hotpot:5a8257fa55429940e5e1a866:stable,hotpot_stable_support,,,
hotpot:5a7d3470554299452d57bb56:distractor,hotpot_distractor,,,
fever:b33baad305231b6f8be0bdfda21885b4:near_miss_dilution,fever_near_miss_dilution,,,
hotpot:5ac2546a554299636651997b:missing_hop,hotpot_missing_hop,,,
fever:5e85124bcdf4cc6586d31b0a34d39834:distractor,fever_distractor_only,,,
hotpot:5adc83c65542994d58a2f623:missing_hop,hotpot_missing_hop,,,
fever:2e67502bce2f4e30b9aaed2e3aff8db3:missing,fever_missing_evidence,,,
fever:bf3eea8691dfb03c74e91d3438f534cb:conflict,fever_conflicting_evidence,,,
hotpot:5a74bfa55542996c70cfadcf:false_premise,hotpot_false_premise,,,
hotpot:5ab7f3285542992aa3b8c88f:distractor,hotpot_distractor,,,
fever:64b4a0a09f8bfff1f6ce4b71fddba7c9:missing,fever_missing_evidence,,,
hotpot:5ae4808455429970de88d990:missing_hop,hotpot_missing_hop,,,
hotpot:5ae1f079554299234fd04343:false_premise,hotpot_false_premise,,,
fever:1408011dbcad7d7c877aec250f584583:missing,fever_missing_evidence,,,
fever:b2202ce8707ceab38737f6f75b7b710e:missing,fever_missing_evidence,,,
fever:83d6a70d4372aad244a0527fabb54494:distractor,fever_distractor_only,,,
hotpot:5ac0c1cf5542992a796ded7c:missing_hop,hotpot_missing_hop,,,
fever:ef0f0f07dfaaa6eb22e1650221597941:conflict,fever_conflicting_evidence,,,
hotpot:5a89dd4d554299669944a5e3:stable,hotpot_stable_support,,,
hotpot:5a729fa15542994cef4bc397:stable,hotpot_stable_support,,,
fever:eb315dbd5937a5b0829b1f23a4a54497:distractor,fever_distractor_only,,,
fever:99f924630fdfc48e14737145340b43bc:distractor,fever_distractor_only,,,
fever:957bd9985949e2ad28195ceb83af45c9:conflict,fever_conflicting_evidence,,,
hotpot:5a729fa15542994cef4bc397:missing_hop,hotpot_missing_hop,,,
fever:9e77fb9bb0b14f24af74610baefccba8:distractor,fever_distractor_only,,,
fever:7b10a6fa50b552226e90301412bd438e:distractor,fever_distractor_only,,,
fever:4c48daa520d9990325a69b3b83c6bb03:fragile_mixed,fever_fragile_mixed,,,
hotpot:5a74e5aa5542996c70cfae2e:distractor,hotpot_distractor,,,
fever:836c9cbbf4318eec179b9522b945efd4:fragile_mixed,fever_fragile_mixed,,,
fever:e663d5f8f00d2fd1ea27ccf63ec662c0:missing,fever_missing_evidence,,,
fever:fff87ad0354c088c7fef4b7e21342f94:fragile_mixed,fever_fragile_mixed,,,
hotpot:5ac4f12d55429924173fb4f6:stable,hotpot_stable_support,,,
hotpot:5abc40835542993a06baf8ba:stable,hotpot_stable_support,,,
hotpot:5ade007e5542997545bbbdf4:missing_hop,hotpot_missing_hop,,,
fever:59a392e982882e5756b1ab68a2a44553:distractor,fever_distractor_only,,,
fever:f2a38cc0b0a3707ec5e41f9f3dcec52b:conflict,fever_conflicting_evidence,,,
hotpot:5a7dedef5542995f4f40231a:missing_hop,hotpot_missing_hop,,,
fever:9f152a0f926233e48854f8fb71d10440:distractor,fever_distractor_only,,,
hotpot:5a8f2fed55429918e830d1c7:distractor,hotpot_distractor,,,
fever:bc68040ddfc0fec28f4a705adddfa808:distractor,fever_distractor_only,,,
hotpot:5a70f39c5542994082a3e429:false_premise,hotpot_false_premise,,,
fever:f6d156ccf0c13686b94dfeaaf9536405:distractor,fever_distractor_only,,,
hotpot:5a8f51185542992414482a3d:false_premise,hotpot_false_premise,,,
fever:2e67502bce2f4e30b9aaed2e3aff8db3:stable,fever_stable_evidence,,,
hotpot:5abc40835542993a06baf8ba:false_premise,hotpot_false_premise,,,
fever:d053093088cef29d3950aed6db3de36c:conflict,fever_conflicting_evidence,,,
fever:0e84d99e0acf22dfe4d005573af3b3c1:fragile_mixed,fever_fragile_mixed,,,
fever:bf609af77457797f9f6149f0856539d2:near_miss_dilution,fever_near_miss_dilution,,,
hotpot:5a7a3bed5542996c55b2dd45:stable,hotpot_stable_support,,,
fever:ce9162d5ca725a54e1507fc8a3f1e491:near_miss_dilution,fever_near_miss_dilution,,,
fever:193b6680613ec77bda65b17217b26bd4:missing,fever_missing_evidence,,,
hotpot:5a8ec7cc5542995a26add518:distractor,hotpot_distractor,,,
fever:79efec98a8d8063f333ca1c9a19718fa:stable,fever_stable_evidence,,,
fever:e8f235cdc9269c5928f507f9603929fa:conflict,fever_conflicting_evidence,,,
fever:702df8de20befaa697b7f16b0bcf23af:conflict,fever_conflicting_evidence,,,
fever:fff87ad0354c088c7fef4b7e21342f94:missing,fever_missing_evidence,,,
fever:b856986527d2056158b4a668a1e167d2:distractor,fever_distractor_only,,,
fever:f6d156ccf0c13686b94dfeaaf9536405:missing,fever_missing_evidence,,,
fever:b993248cee8e8b41ea40bb48d0999b89:missing,fever_missing_evidence,,,
hotpot:5ab926bc554299131ca42285:missing_hop,hotpot_missing_hop,,,
hotpot:5ae4808455429970de88d990:false_premise,hotpot_false_premise,,,
fever:3d392e13a44a51db958cb46811dea8b7:stable,fever_stable_evidence,,,
fever:38b4b3313ba675c1b9f8e10ca91bad5c:stable,fever_stable_evidence,,,
fever:016714803910e36a4d8f16b464dcb617:stable,fever_stable_evidence,,,
fever:7bd377e3aebc282b40b278ed40d991a0:near_miss_dilution,fever_near_miss_dilution,,,
hotpot:5a7b85c4554299294a54a9d7:distractor,hotpot_distractor,,,
fever:c8332dc3860b9aee291ccaba1da72be8:missing,fever_missing_evidence,,,
hotpot:5a83d0845542996488c2e4e6:false_premise,hotpot_false_premise,,,
fever:cfeafb11cce24c111273cc52faf0a37d:conflict,fever_conflicting_evidence,,,
hotpot:5ae4c5595542990ba0bbb123:false_premise,hotpot_false_premise,,,
fever:956270943e7e377602d738ba602c85d5:missing,fever_missing_evidence,,,
fever:97ae7fcbfec08f9c46cc2bc1a62a20c2:near_miss_dilution,fever_near_miss_dilution,,,
fever:14ec0312e6fb9245abba18b17351d928:fragile_mixed,fever_fragile_mixed,,,
hotpot:5a7615fb5542992db9473727:stable,hotpot_stable_support,,,
hotpot:5ae52c0f5542992663a4f12e:distractor,hotpot_distractor,,,
fever:83d6a70d4372aad244a0527fabb54494:conflict,fever_conflicting_evidence,,,
fever:7e1db4a650a7b6af58262f177d3186e5:distractor,fever_distractor_only,,,
fever:843b3f6987c7a1780290ba1877c8d187:missing,fever_missing_evidence,,,
fever:3e3cf2f3b300405b4df42f58cd57f786:stable,fever_stable_evidence,,,
fever:55876af9a4534f8375d0041ed5813388:near_miss_dilution,fever_near_miss_dilution,,,
hotpot:5add1eed5542992ae4cec485:distractor,hotpot_distractor,,,
fever:5df33ab60216181abbffcedb7e57221c:stable,fever_stable_evidence,,,
fever:11616f85a77f01d0801d8485ecd84809:near_miss_dilution,fever_near_miss_dilution,,,
hotpot:5ae3fe635542996836b02c07:distractor,hotpot_distractor,,,
fever:793efde1706e1eaad1572938ede4ea5f:conflict,fever_conflicting_evidence,,,
fever:5df33ab60216181abbffcedb7e57221c:conflict,fever_conflicting_evidence,,,
fever:1536c4c2df670f0caca8cb3007255eb7:missing,fever_missing_evidence,,,
fever:076749a80d4e4411a65da5dcd43f5b41:near_miss_dilution,fever_near_miss_dilution,,,
hotpot:5abe7c515542993f32c2a128:distractor,hotpot_distractor,,,
fever:dd1200382175dd95000b12ec9aca6978:conflict,fever_conflicting_evidence,,,
hotpot:5a72e28f5542992359bc31ba:distractor,hotpot_distractor,,,
fever:95ef7c6ddfbb26e520eed5464bff111a:distractor,fever_distractor_only,,,
fever:99f924630fdfc48e14737145340b43bc:fragile_mixed,fever_fragile_mixed,,,
fever:702df8de20befaa697b7f16b0bcf23af:stable,fever_stable_evidence,,,
fever:8371b76bb463ed466f3daf39a79de8b8:fragile_mixed,fever_fragile_mixed,,,
fever:6447a89275cb5b43cfd7073a237a3a3c:near_miss_dilution,fever_near_miss_dilution,,,
fever:461e5e43eaec137b54d7c604aee6fb38:missing,fever_missing_evidence,,,
hotpot:5adce88b5542992c1e3a249a:stable,hotpot_stable_support,,,
fever:6447a89275cb5b43cfd7073a237a3a3c:missing,fever_missing_evidence,,,
fever:9e77fb9bb0b14f24af74610baefccba8:near_miss_dilution,fever_near_miss_dilution,,,
hotpot:5abbb0655542992ccd8e7f72:false_premise,hotpot_false_premise,,,
fever:f795541099098c3ea2fc43775a0bfb6a:stable,fever_stable_evidence,,,
hotpot:5a765fe85542992d0ec060c5:false_premise,hotpot_false_premise,,,
fever:11616f85a77f01d0801d8485ecd84809:conflict,fever_conflicting_evidence,,,
hotpot:5abc0aba55429959677d6a00:missing_hop,hotpot_missing_hop,,,
fever:8c8d581256acbbfb206604d6c416b4ae:near_miss_dilution,fever_near_miss_dilution,,,
fever:49cee899b4557c51bdb4a4a09c0452d4:fragile_mixed,fever_fragile_mixed,,,
hotpot:5ac10832554299012d1db687:missing_hop,hotpot_missing_hop,,,
hotpot:5a90b43455429916514e7523:false_premise,hotpot_false_premise,,,
hotpot:5ab682f85542995eadef001f:stable,hotpot_stable_support,,,
hotpot:5ae1e4095542997283cd22bf:stable,hotpot_stable_support,,,
fever:f3ea0c96c8fea1033fdbbe5959bb8565:fragile_mixed,fever_fragile_mixed,,,
hotpot:5a8da81e554299068b959d7e:missing_hop,hotpot_missing_hop,,,
fever:8eda82476aea93508f4b007f6c5a1c3f:distractor,fever_distractor_only,,,
fever:b93a764a836b84571e8c8d30d6dae9c3:distractor,fever_distractor_only,,,
hotpot:5ab724b45542991d32223785:stable,hotpot_stable_support,,,
hotpot:5a84bda45542992a431d1a96:stable,hotpot_stable_support,,,
hotpot:5a7a5ccf55429941d65f25d7:false_premise,hotpot_false_premise,,,
fever:b9144b8ad4737b2b369fc117e1d73f09:missing,fever_missing_evidence,,,
fever:2b054996552821b176db8b755c717377:distractor,fever_distractor_only,,,
fever:7bd377e3aebc282b40b278ed40d991a0:stable,fever_stable_evidence,,,
fever:1c4002eb1ee66c816030357de9f5ada7:stable,fever_stable_evidence,,,
hotpot:5ac471a5554299194317399a:false_premise,hotpot_false_premise,,,
fever:36791253a6dae3457ffbdc0bd76cad5d:missing,fever_missing_evidence,,,
fever:b5a773342f571283b3571ad9448c9a40:distractor,fever_distractor_only,,,
fever:ebde82cb316a0261d5fbda6e6c17ce6e:missing,fever_missing_evidence,,,
fever:877d6d6721b95c9ad2ef32c728a604ab:conflict,fever_conflicting_evidence,,,
fever:2b1f49f34cfa69719081344d227097bb:stable,fever_stable_evidence,,,
fever:e7abdb3acb8f93cea357bada874bb019:near_miss_dilution,fever_near_miss_dilution,,,
hotpot:5a893fc855429951533612f0:missing_hop,hotpot_missing_hop,,,
hotpot:5a7c988755429935c91b524d:missing_hop,hotpot_missing_hop,,,
fever:fa0f603655a05c3cdd7b2af1d8c482c1:conflict,fever_conflicting_evidence,,,
fever:e4b0e87098fd749b098c9f34ba773503:distractor,fever_distractor_only,,,
fever:6a6bb082ecedeec532bdba1f18a9b60d:stable,fever_stable_evidence,,,
hotpot:5ae7d03b55429952e35ea9c2:stable,hotpot_stable_support,,,
fever:f3ea0c96c8fea1033fdbbe5959bb8565:near_miss_dilution,fever_near_miss_dilution,,,
hotpot:5ab3ede755429976abd1bcf4:missing_hop,hotpot_missing_hop,,,
fever:e03cffc0671620bb304cd4f8979d59bd:distractor,fever_distractor_only,,,
fever:11616f85a77f01d0801d8485ecd84809:distractor,fever_distractor_only,,,
fever:1408011dbcad7d7c877aec250f584583:conflict,fever_conflicting_evidence,,,
hotpot:5ab3b50055429969a97a818c:distractor,hotpot_distractor,,,
fever:8af27e51af67106746051ab529625b7e:conflict,fever_conflicting_evidence,,,
fever:877d6d6721b95c9ad2ef32c728a604ab:missing,fever_missing_evidence,,,
hotpot:5a89810655429946c8d6e929:stable,hotpot_stable_support,,,
hotpot:5ae5c74d554299546bf82f58:stable,hotpot_stable_support,,,
fever:8371b76bb463ed466f3daf39a79de8b8:missing,fever_missing_evidence,,,
hotpot:5a7f54665542992097ad2f1a:missing_hop,hotpot_missing_hop,,,
fever:2eca9985513b63a439e257a2521a0b2b:near_miss_dilution,fever_near_miss_dilution,,,
hotpot:5a8ec7cc5542995a26add518:stable,hotpot_stable_support,,,
fever:8af27e51af67106746051ab529625b7e:missing,fever_missing_evidence,,,
hotpot:5ae773eb5542997b22f6a777:false_premise,hotpot_false_premise,,,
fever:6e8ff4512fd870235e5e5e0515fc74a0:near_miss_dilution,fever_near_miss_dilution,,,
fever:a8bc907ab108b4d319a6ceb84fbd8360:distractor,fever_distractor_only,,,
hotpot:5ae395d85542992f92d82313:false_premise,hotpot_false_premise,,,
fever:3330cf2427b9766f8a7ba4b6c22bdb67:distractor,fever_distractor_only,,,
hotpot:5adf39ce5542995534e8c76d:missing_hop,hotpot_missing_hop,,,
hotpot:5a84bda45542992a431d1a96:false_premise,hotpot_false_premise,,,
fever:e663d5f8f00d2fd1ea27ccf63ec662c0:stable,fever_stable_evidence,,,
hotpot:5ab499a55542996a3a969f9f:false_premise,hotpot_false_premise,,,
hotpot:5ac1d40c5542994d76dccef5:missing_hop,hotpot_missing_hop,,,
hotpot:5abb254c5542992ccd8e7f29:stable,hotpot_stable_support,,,
hotpot:5adec4695542992fa25da83a:stable,hotpot_stable_support,,,
fever:b3bf3e054bc51c613047bbcf930be3c6:stable,fever_stable_evidence,,,
fever:a6134b5a37cdc1ac84fb08cb5c75830c:distractor,fever_distractor_only,,,
hotpot:5a7324e055429901807daf8f:missing_hop,hotpot_missing_hop,,,
hotpot:5ae28b76554299495565daa8:false_premise,hotpot_false_premise,,,
fever:55dbea21a5ddc78795fe720e6d2cd90f:distractor,fever_distractor_only,,,
fever:2ce8305d97542bce4894eb8ec1de118b:near_miss_dilution,fever_near_miss_dilution,,,
fever:97ae7fcbfec08f9c46cc2bc1a62a20c2:fragile_mixed,fever_fragile_mixed,,,
fever:1c4002eb1ee66c816030357de9f5ada7:missing,fever_missing_evidence,,,
fever:3556f2e9d8f29aa49df0dbfc64bfd9a3:distractor,fever_distractor_only,,,
hotpot:5adbe27c55429947ff173854:false_premise,hotpot_false_premise,,,
hotpot:5ab43179554299233955004d:missing_hop,hotpot_missing_hop,,,
fever:8f07cf1686bc953d1bbed9d01116af82:stable,fever_stable_evidence,,,
hotpot:5ac0e0c75542997d64295a6e:false_premise,hotpot_false_premise,,,
hotpot:5a72a2935542991f9a20c546:distractor,hotpot_distractor,,,
hotpot:5ae5390355429960a22e0271:false_premise,hotpot_false_premise,,,
hotpot:5adf39ce5542995534e8c76d:false_premise,hotpot_false_premise,,,
hotpot:5a8a9bc15542996c9b8d5f36:stable,hotpot_stable_support,,,
fever:e7abdb3acb8f93cea357bada874bb019:conflict,fever_conflicting_evidence,,,
hotpot:5a7b63eb55429931da12ca7e:distractor,hotpot_distractor,,,
hotpot:5a72e28f5542992359bc31ba:false_premise,hotpot_false_premise,,,
fever:35a77ed2125968f8b7b35c40173f099f:stable,fever_stable_evidence,,,
hotpot:5ae07ddb55429945ae95937b:false_premise,hotpot_false_premise,,,
fever:e03cffc0671620bb304cd4f8979d59bd:missing,fever_missing_evidence,,,
fever:99a776f1150c72b09e7f0c3c8f17eb0a:near_miss_dilution,fever_near_miss_dilution,,,
fever:b51b7780dc39a17fa6b1646f0a0274af:near_miss_dilution,fever_near_miss_dilution,,,
fever:1c7e6e416edc4a638d44f1a3ad7ff666:distractor,fever_distractor_only,,,
fever:8c8d581256acbbfb206604d6c416b4ae:fragile_mixed,fever_fragile_mixed,,,
fever:f46173991afadb7336be97d4e3b37352:distractor,fever_distractor_only,,,
fever:2eca9985513b63a439e257a2521a0b2b:fragile_mixed,fever_fragile_mixed,,,
hotpot:5a8ccceb554299653c1aa128:stable,hotpot_stable_support,,,
hotpot:5a86f13c554299211dda2b5e:distractor,hotpot_distractor,,,
hotpot:5a8b231055429949d91db4c9:stable,hotpot_stable_support,,,
hotpot:5a8430335542996488c2e500:stable,hotpot_stable_support,,,
hotpot:5abb7ff15542996cc5e4a015:stable,hotpot_stable_support,,,
hotpot:5ae537e45542990ba0bbb235:false_premise,hotpot_false_premise,,,
fever:7466dbd0ec1b3c658b82f41744d30ea7:distractor,fever_distractor_only,,,
hotpot:5ae446fc5542995ad6573d24:false_premise,hotpot_false_premise,,,
fever:55876af9a4534f8375d0041ed5813388:fragile_mixed,fever_fragile_mixed,,,
fever:e4b0e87098fd749b098c9f34ba773503:missing,fever_missing_evidence,,,
fever:fbc9973d9638190455965bfdf88e7bb4:near_miss_dilution,fever_near_miss_dilution,,,
hotpot:5a7a73e45542996c55b2ddb6:stable,hotpot_stable_support,,,
hotpot:5a80e4b255429938b6142239:stable,hotpot_stable_support,,,
fever:bdea39338edbc0d7c1763b26c1706893:conflict,fever_conflicting_evidence,,,
fever:becbf3a5b37b810767d6576a1f97d4cf:stable,fever_stable_evidence,,,
hotpot:5a8ec7cc5542995a26add518:missing_hop,hotpot_missing_hop,,,
fever:2901ed5ba7fc11c31ce9f03f356dd705:missing,fever_missing_evidence,,,
fever:3330cf2427b9766f8a7ba4b6c22bdb67:conflict,fever_conflicting_evidence,,,
fever:d775cdfa9e80847219c174af7893ef0e:fragile_mixed,fever_fragile_mixed,,,
fever:f4b12ca80b01ec5d2144429cfe36d663:near_miss_dilution,fever_near_miss_dilution,,,
hotpot:5ab1eac95542993be8fa987f:missing_hop,hotpot_missing_hop,,,
fever:386d36c945bb011d1acb6a755d1914c9:stable,fever_stable_evidence,,,
fever:6447a89275cb5b43cfd7073a237a3a3c:conflict,fever_conflicting_evidence,,,
fever:3556f2e9d8f29aa49df0dbfc64bfd9a3:near_miss_dilution,fever_near_miss_dilution,,,
hotpot:5a7a5ccf55429941d65f25d7:distractor,hotpot_distractor,,,
hotpot:5ade007e5542997545bbbdf4:false_premise,hotpot_false_premise,,,
fever:d2f42de0037339ce7a7027a999a10da4:stable,fever_stable_evidence,,,
fever:7d4674560187f6a965fa7075e37232d9:fragile_mixed,fever_fragile_mixed,,,
hotpot:5adc83c65542994d58a2f623:false_premise,hotpot_false_premise,,,
fever:bf609af77457797f9f6149f0856539d2:stable,fever_stable_evidence,,,
fever:92fc5c3d85cffe74a2ccbca0986f594c:conflict,fever_conflicting_evidence,,,
fever:2eca9985513b63a439e257a2521a0b2b:stable,fever_stable_evidence,,,
hotpot:5adec4695542992fa25da83a:missing_hop,hotpot_missing_hop,,,
hotpot:5a8712095542991e771816af:false_premise,hotpot_false_premise,,,
hotpot:5a8f51185542992414482a3d:stable,hotpot_stable_support,,,
hotpot:5ae5c74d554299546bf82f58:false_premise,hotpot_false_premise,,,
fever:c7f802075a39c81ed5d526bfb4af73de:missing,fever_missing_evidence,,,
hotpot:5a7b63eb55429931da12ca7e:missing_hop,hotpot_missing_hop,,,
fever:a25c93484337dabb86b544405e2ac5fa:conflict,fever_conflicting_evidence,,,
hotpot:5ab7f3285542992aa3b8c88f:stable,hotpot_stable_support,,,
hotpot:5a72c6f65542994cef4bc402:stable,hotpot_stable_support,,,
hotpot:5a74e5aa5542996c70cfae2e:false_premise,hotpot_false_premise,,,
hotpot:5ae236b2554299495565da3e:stable,hotpot_stable_support,,,
fever:877d6d6721b95c9ad2ef32c728a604ab:distractor,fever_distractor_only,,,
fever:bdea39338edbc0d7c1763b26c1706893:fragile_mixed,fever_fragile_mixed,,,
fever:7e1db4a650a7b6af58262f177d3186e5:fragile_mixed,fever_fragile_mixed,,,
fever:ebde82cb316a0261d5fbda6e6c17ce6e:conflict,fever_conflicting_evidence,,,
fever:7b10a6fa50b552226e90301412bd438e:missing,fever_missing_evidence,,,
fever:651fe439c46d953ed6d07914e2e745bf:fragile_mixed,fever_fragile_mixed,,,
hotpot:5ae6914755429908198fa627:false_premise,hotpot_false_premise,,,
hotpot:5ab4b9f75542990594ba9ca4:distractor,hotpot_distractor,,,
fever:bacdead57c0582873a2d4e1c958e0211:fragile_mixed,fever_fragile_mixed,,,
fever:fa6153ce2a81a8a8c5d06ef51d85082d:near_miss_dilution,fever_near_miss_dilution,,,
hotpot:5ae5390355429960a22e0271:distractor,hotpot_distractor,,,
hotpot:5a7149595542994082a3e76f:false_premise,hotpot_false_premise,,,
fever:7d4674560187f6a965fa7075e37232d9:distractor,fever_distractor_only,,,
fever:36791253a6dae3457ffbdc0bd76cad5d:distractor,fever_distractor_only,,,
fever:d053093088cef29d3950aed6db3de36c:fragile_mixed,fever_fragile_mixed,,,
fever:e5058780c6af8f09b4713c01e3add958:distractor,fever_distractor_only,,,
fever:5f659bc392f88fc161676aa83bf206cf:missing,fever_missing_evidence,,,
hotpot:5abbb0655542992ccd8e7f72:distractor,hotpot_distractor,,,
hotpot:5ac10832554299012d1db687:distractor,hotpot_distractor,,,
fever:9f152a0f926233e48854f8fb71d10440:stable,fever_stable_evidence,,,
fever:4a3f9e1ee1dbb6ed2ea7e950cb2a9f85:near_miss_dilution,fever_near_miss_dilution,,,
hotpot:5aba72d75542994dbf019912:false_premise,hotpot_false_premise,,,
hotpot:5abc40835542993a06baf8ba:missing_hop,hotpot_missing_hop,,,
fever:574bd7335867fa5e4bdc54aed8219daf:stable,fever_stable_evidence,,,
hotpot:5a90b43455429916514e7523:distractor,hotpot_distractor,,,
hotpot:5ae07ddb55429945ae95937b:missing_hop,hotpot_missing_hop,,,
fever:97a0924efff3f510cb30789e15682a99:distractor,fever_distractor_only,,,
hotpot:5ac3dfee554299204fd21eab:missing_hop,hotpot_missing_hop,,,
fever:cd5e249e7a859becb94adb75bf574c67:distractor,fever_distractor_only,,,
fever:f1e594249c4f89e6eaca0f88044ed95c:fragile_mixed,fever_fragile_mixed,,,
fever:b39d84bf9eda57cf0901e4cd83d150a7:fragile_mixed,fever_fragile_mixed,,,
fever:99e1063c7f1fbc00ed71e22e95636193:conflict,fever_conflicting_evidence,,,
fever:b93a764a836b84571e8c8d30d6dae9c3:fragile_mixed,fever_fragile_mixed,,,
hotpot:5adf39ce5542995534e8c76d:distractor,hotpot_distractor,,,
fever:48f5f70e6fe2f4fc1832e6fe5854c968:near_miss_dilution,fever_near_miss_dilution,,,
fever:76f7e80ab17b80256c47236b272ff841:fragile_mixed,fever_fragile_mixed,,,
hotpot:5a85f8665542994775f606ce:stable,hotpot_stable_support,,,
hotpot:5ae2c416554299492dc91c67:missing_hop,hotpot_missing_hop,,,
hotpot:5a83d0845542996488c2e4e6:distractor,hotpot_distractor,,,
hotpot:5a765fe85542992d0ec060c5:distractor,hotpot_distractor,,,
hotpot:5a8f51185542992414482a3d:distractor,hotpot_distractor,,,
fever:d6c3dbcb3efa245e197f2affcc827c2d:conflict,fever_conflicting_evidence,,,
hotpot:5a893fc855429951533612f0:distractor,hotpot_distractor,,,
fever:db092c8361439103d6fd763e29332214:distractor,fever_distractor_only,,,
fever:bf609af77457797f9f6149f0856539d2:distractor,fever_distractor_only,,,
hotpot:5a876cd55542993e715abf36:stable,hotpot_stable_support,,,
fever:610a2445aa427f79056046f97acfc350:near_miss_dilution,fever_near_miss_dilution,,,
fever:230446a9d1e169e2a056a0ccfab67813:fragile_mixed,fever_fragile_mixed,,,
hotpot:5ae446fc5542995ad6573d24:distractor,hotpot_distractor,,,
fever:f6d156ccf0c13686b94dfeaaf9536405:conflict,fever_conflicting_evidence,,,
fever:6a6bb082ecedeec532bdba1f18a9b60d:missing,fever_missing_evidence,,,
fever:3afbac0242cbb668d6e754a15f3e72ec:fragile_mixed,fever_fragile_mixed,,,
fever:66b79a49ae82dd00f020bed681b8d327:distractor,fever_distractor_only,,,
fever:2eeb27201fb684650fb99864c974da29:conflict,fever_conflicting_evidence,,,
hotpot:5a74bfa55542996c70cfadcf:missing_hop,hotpot_missing_hop,,,
hotpot:5ab412da5542996a3a969f15:false_premise,hotpot_false_premise,,,
fever:8e5bce57b08fa33fe5f916cf4b4baaa2:distractor,fever_distractor_only,,,
hotpot:5a773c7755429972597f14b5:false_premise,hotpot_false_premise,,,
fever:06c922a2c8055b776a5dd602e4bca0fc:distractor,fever_distractor_only,,,
fever:6e8ff4512fd870235e5e5e0515fc74a0:distractor,fever_distractor_only,,,
fever:076749a80d4e4411a65da5dcd43f5b41:distractor,fever_distractor_only,,,
fever:48f5f70e6fe2f4fc1832e6fe5854c968:fragile_mixed,fever_fragile_mixed,,,
hotpot:5a7dedef5542995f4f40231a:distractor,hotpot_distractor,,,
hotpot:5a8534305542997b5ce3ffc4:false_premise,hotpot_false_premise,,,
hotpot:5a876cd55542993e715abf36:missing_hop,hotpot_missing_hop,,,
hotpot:5ae03cd855429924de1b7072:false_premise,hotpot_false_premise,,,
hotpot:5adbe27c55429947ff173854:missing_hop,hotpot_missing_hop,,,
fever:a25c93484337dabb86b544405e2ac5fa:near_miss_dilution,fever_near_miss_dilution,,,
fever:2d970a774ac485e99e19a63becad6831:stable,fever_stable_evidence,,,
fever:f2a38cc0b0a3707ec5e41f9f3dcec52b:missing,fever_missing_evidence,,,
hotpot:5a89810655429946c8d6e929:distractor,hotpot_distractor,,,
fever:8824627ac67df3c1385bbeba4d9b9900:distractor,fever_distractor_only,,,
fever:8fabe2eb5111f4588d1f81c9ebdb0d73:near_miss_dilution,fever_near_miss_dilution,,,
hotpot:5a84564c5542990548d0b288:false_premise,hotpot_false_premise,,,
fever:70b4102837ac267192f2476b1e813433:missing,fever_missing_evidence,,,
fever:989083e3842960fb273023ac7f0ba590:conflict,fever_conflicting_evidence,,,
fever:230446a9d1e169e2a056a0ccfab67813:stable,fever_stable_evidence,,,
fever:76f7e80ab17b80256c47236b272ff841:distractor,fever_distractor_only,,,
hotpot:5a8b231055429949d91db4c9:false_premise,hotpot_false_premise,,,
hotpot:5ab859a955429934fafe6d7b:stable,hotpot_stable_support,,,
fever:7d4674560187f6a965fa7075e37232d9:near_miss_dilution,fever_near_miss_dilution,,,
fever:fa0f603655a05c3cdd7b2af1d8c482c1:near_miss_dilution,fever_near_miss_dilution,,,
fever:7e1db4a650a7b6af58262f177d3186e5:near_miss_dilution,fever_near_miss_dilution,,,
fever:076749a80d4e4411a65da5dcd43f5b41:stable,fever_stable_evidence,,,
hotpot:5a8888e35542997e5c09a5f6:distractor,hotpot_distractor,,,
hotpot:5abb7ff15542996cc5e4a015:false_premise,hotpot_false_premise,,,
fever:cb0149e9c4f81308cf73288a6ed250f4:missing,fever_missing_evidence,,,
fever:8bc408061f11caf9b82e3a738f611d01:conflict,fever_conflicting_evidence,,,
fever:957bd9985949e2ad28195ceb83af45c9:near_miss_dilution,fever_near_miss_dilution,,,
hotpot:5a70f4695542994082a3e435:missing_hop,hotpot_missing_hop,,,
fever:956270943e7e377602d738ba602c85d5:fragile_mixed,fever_fragile_mixed,,,
hotpot:5ab9aed855429970cfb8eb6d:missing_hop,hotpot_missing_hop,,,
fever:7466dbd0ec1b3c658b82f41744d30ea7:fragile_mixed,fever_fragile_mixed,,,
fever:97a0924efff3f510cb30789e15682a99:near_miss_dilution,fever_near_miss_dilution,,,
fever:07f00f258e0e5ffd3f180a08e8894417:stable,fever_stable_evidence,,,
fever:49cee899b4557c51bdb4a4a09c0452d4:missing,fever_missing_evidence,,,
hotpot:5ade007e5542997545bbbdf4:distractor,hotpot_distractor,,,
fever:d1cf08aca5499414fe3c1ea49a3c6122:distractor,fever_distractor_only,,,
fever:0bac0599230041012d8d13320201d653:fragile_mixed,fever_fragile_mixed,,,
fever:8e5bce57b08fa33fe5f916cf4b4baaa2:stable,fever_stable_evidence,,,
fever:b33baad305231b6f8be0bdfda21885b4:stable,fever_stable_evidence,,,
fever:97ae7fcbfec08f9c46cc2bc1a62a20c2:distractor,fever_distractor_only,,,
hotpot:5a73250a5542991f9a20c643:stable,hotpot_stable_support,,,
hotpot:5ae236445542992decbdcc69:stable,hotpot_stable_support,,,
fever:bc97f82071c90fc4f43fb43105b8f5b9:near_miss_dilution,fever_near_miss_dilution,,,
fever:843b3f6987c7a1780290ba1877c8d187:conflict,fever_conflicting_evidence,,,
hotpot:5a7a73e45542996c55b2ddb6:missing_hop,hotpot_missing_hop,,,
fever:99f924630fdfc48e14737145340b43bc:near_miss_dilution,fever_near_miss_dilution,,,
fever:becbf3a5b37b810767d6576a1f97d4cf:fragile_mixed,fever_fragile_mixed,,,
hotpot:5ae1f079554299234fd04343:stable,hotpot_stable_support,,,
hotpot:5abe4fd95542991f6610613d:missing_hop,hotpot_missing_hop,,,
fever:2b1f49f34cfa69719081344d227097bb:near_miss_dilution,fever_near_miss_dilution,,,
fever:e08e60c3e29a6efc7f2390f1498cf6ff:near_miss_dilution,fever_near_miss_dilution,,,
fever:c28aa5a772d112782ad4d550b843085f:conflict,fever_conflicting_evidence,,,
hotpot:5ac3d2ac554299741d48a330:missing_hop,hotpot_missing_hop,,,
fever:47ad43b593026f0823c03124e460808c:distractor,fever_distractor_only,,,
fever:b9144b8ad4737b2b369fc117e1d73f09:distractor,fever_distractor_only,,,
hotpot:5ab3ede755429976abd1bcf4:stable,hotpot_stable_support,,,
fever:230446a9d1e169e2a056a0ccfab67813:distractor,fever_distractor_only,,,
fever:7e1db4a650a7b6af58262f177d3186e5:conflict,fever_conflicting_evidence,,,
fever:702df8de20befaa697b7f16b0bcf23af:missing,fever_missing_evidence,,,
fever:30c91495984c16a6f1f0f40734b2f046:near_miss_dilution,fever_near_miss_dilution,,,
fever:1ef67cd78124e8a6fd7d3b4d3341f872:conflict,fever_conflicting_evidence,,,
fever:6447a89275cb5b43cfd7073a237a3a3c:fragile_mixed,fever_fragile_mixed,,,
hotpot:5adf33965542993344016c20:stable,hotpot_stable_support,,,
fever:76f7e80ab17b80256c47236b272ff841:conflict,fever_conflicting_evidence,,,
fever:891c3404da6e72531b64e9b9a3cf5847:distractor,fever_distractor_only,,,
hotpot:5abb729b5542993f40c73af4:missing_hop,hotpot_missing_hop,,,
hotpot:5ae2c416554299492dc91c67:false_premise,hotpot_false_premise,,,
fever:fbc9973d9638190455965bfdf88e7bb4:stable,fever_stable_evidence,,,
fever:91a6285eee0f1424f6cddfecf770c9ab:missing,fever_missing_evidence,,,
fever:0cff660cc8477c3853a08a41441f4cc4:near_miss_dilution,fever_near_miss_dilution,,,
hotpot:5abba584554299642a094afa:false_premise,hotpot_false_premise,,,
hotpot:5abadc355542996606241644:stable,hotpot_stable_support,,,
hotpot:5abc41315542993a06baf8bb:false_premise,hotpot_false_premise,,,
fever:b2202ce8707ceab38737f6f75b7b710e:conflict,fever_conflicting_evidence,,,
fever:8824627ac67df3c1385bbeba4d9b9900:near_miss_dilution,fever_near_miss_dilution,,,
fever:30c91495984c16a6f1f0f40734b2f046:conflict,fever_conflicting_evidence,,,
hotpot:5a8639545542991e771815c7:distractor,hotpot_distractor,,,
hotpot:5ae7cea355429952e35ea9c1:missing_hop,hotpot_missing_hop,,,
hotpot:5a774e9c55429972597f14f3:stable,hotpot_stable_support,,,
fever:97ae7fcbfec08f9c46cc2bc1a62a20c2:missing,fever_missing_evidence,,,
fever:48f5f70e6fe2f4fc1832e6fe5854c968:distractor,fever_distractor_only,,,
hotpot:5abaca935542996606241610:distractor,hotpot_distractor,,,
hotpot:5a7563a45542996c70cfaeec:stable,hotpot_stable_support,,,
hotpot:5a8f122955429918e830d17f:false_premise,hotpot_false_premise,,,
fever:cd5e249e7a859becb94adb75bf574c67:fragile_mixed,fever_fragile_mixed,,,
fever:83d6a70d4372aad244a0527fabb54494:stable,fever_stable_evidence,,,
hotpot:5adf0ae45542992d7e9f9286:distractor,hotpot_distractor,,,
fever:bacdead57c0582873a2d4e1c958e0211:distractor,fever_distractor_only,,,
hotpot:5ae236445542992decbdcc69:false_premise,hotpot_false_premise,,,
fever:1ef67cd78124e8a6fd7d3b4d3341f872:missing,fever_missing_evidence,,,
fever:d5306949867167b98ec9be90b04f184b:stable,fever_stable_evidence,,,
hotpot:5ade6b67554299728e26c71c:stable,hotpot_stable_support,,,
hotpot:5adbe27c55429947ff173854:distractor,hotpot_distractor,,,
hotpot:5a72a2935542991f9a20c546:missing_hop,hotpot_missing_hop,,,
fever:df6e485a3b50c0dc9e3cca0a5bd71897:distractor,fever_distractor_only,,,
fever:0cff660cc8477c3853a08a41441f4cc4:distractor,fever_distractor_only,,,
hotpot:5ab3eac5554299753aec59ec:stable,hotpot_stable_support,,,
fever:28e4e92b769669bb57d979b036e03546:stable,fever_stable_evidence,,,
fever:386d36c945bb011d1acb6a755d1914c9:near_miss_dilution,fever_near_miss_dilution,,,
fever:5df33ab60216181abbffcedb7e57221c:missing,fever_missing_evidence,,,
fever:ef0f0f07dfaaa6eb22e1650221597941:near_miss_dilution,fever_near_miss_dilution,,,
hotpot:5a7b63eb55429931da12ca7e:stable,hotpot_stable_support,,,
hotpot:5ab2be71554299166977408c:missing_hop,hotpot_missing_hop,,,
hotpot:5a7905f555429974737f7947:missing_hop,hotpot_missing_hop,,,
fever:f2a38cc0b0a3707ec5e41f9f3dcec52b:fragile_mixed,fever_fragile_mixed,,,
hotpot:5ab4b9f75542990594ba9ca4:false_premise,hotpot_false_premise,,,
fever:92fc5c3d85cffe74a2ccbca0986f594c:distractor,fever_distractor_only,,,
fever:b856986527d2056158b4a668a1e167d2:stable,fever_stable_evidence,,,
hotpot:5ae5390355429960a22e0271:stable,hotpot_stable_support,,,
fever:30c91495984c16a6f1f0f40734b2f046:stable,fever_stable_evidence,,,
fever:054f84726fc03b6b9a3dbb451d7ce66f:conflict,fever_conflicting_evidence,,,
hotpot:5abc41315542993a06baf8bb:distractor,hotpot_distractor,,,
fever:1408011dbcad7d7c877aec250f584583:distractor,fever_distractor_only,,,
fever:461e5e43eaec137b54d7c604aee6fb38:distractor,fever_distractor_only,,,
fever:ebde82cb316a0261d5fbda6e6c17ce6e:stable,fever_stable_evidence,,,
hotpot:5a8b1a925542997f31a41c6e:false_premise,hotpot_false_premise,,,
hotpot:5ae1c214554299234fd042ed:stable,hotpot_stable_support,,,
fever:ae9c32d7fc902f56cc97f2d84d922e76:near_miss_dilution,fever_near_miss_dilution,,,
hotpot:5a89810655429946c8d6e929:false_premise,hotpot_false_premise,,,
hotpot:5ac2c338554299657fa29039:distractor,hotpot_distractor,,,
fever:ce9162d5ca725a54e1507fc8a3f1e491:fragile_mixed,fever_fragile_mixed,,,
hotpot:5a80e4b255429938b6142239:missing_hop,hotpot_missing_hop,,,
hotpot:5a8534305542997b5ce3ffc4:missing_hop,hotpot_missing_hop,,,
fever:b51b7780dc39a17fa6b1646f0a0274af:distractor,fever_distractor_only,,,
hotpot:5ae773eb5542997b22f6a777:missing_hop,hotpot_missing_hop,,,
fever:2b1f49f34cfa69719081344d227097bb:distractor,fever_distractor_only,,,
fever:554756e51326df724ebbef50e3175916:conflict,fever_conflicting_evidence,,,
hotpot:5ab73de755429928e1fe383b:distractor,hotpot_distractor,,,
fever:dd237b1c0799c3098721eb9f10c0b8a3:stable,fever_stable_evidence,,,
fever:ce9162d5ca725a54e1507fc8a3f1e491:stable,fever_stable_evidence,,,
hotpot:5adf51595542993344016c52:distractor,hotpot_distractor,,,
fever:323fee0052d2af279250eaba99a050c4:distractor,fever_distractor_only,,,
fever:574bd7335867fa5e4bdc54aed8219daf:near_miss_dilution,fever_near_miss_dilution,,,
fever:e11b63eeebdea6a9ea693fdcc2002154:near_miss_dilution,fever_near_miss_dilution,,,
hotpot:5a79c6a55542994bb9457091:stable,hotpot_stable_support,,,
fever:213b9502215416e601d085fb8f39e6d8:fragile_mixed,fever_fragile_mixed,,,
hotpot:5a79c6a55542994bb9457091:distractor,hotpot_distractor,,,
hotpot:5a7cc5f9554299452d57ba49:stable,hotpot_stable_support,,,
fever:4096c7d9969125b8a78d4ba20ec22fbc:distractor,fever_distractor_only,,,
fever:c474146fe2fd09d1c418090f49f54e9e:missing,fever_missing_evidence,,,
fever:13f29eefe12b1f108995304b0702ff94:missing,fever_missing_evidence,,,
hotpot:5a73250a5542991f9a20c643:missing_hop,hotpot_missing_hop,,,
fever:7976b9f18968112447d906bbf5f7eb1b:stable,fever_stable_evidence,,,
fever:d2f42de0037339ce7a7027a999a10da4:conflict,fever_conflicting_evidence,,,
hotpot:5ab926bc554299131ca42285:distractor,hotpot_distractor,,,
fever:5f659bc392f88fc161676aa83bf206cf:near_miss_dilution,fever_near_miss_dilution,,,
hotpot:5abba584554299642a094afa:distractor,hotpot_distractor,,,
fever:c8332dc3860b9aee291ccaba1da72be8:conflict,fever_conflicting_evidence,,,
fever:1284db3a3f834e4fdacb2f217da574ce:distractor,fever_distractor_only,,,
fever:2b1aa6cf0c15d9f65d113fd58e463bb9:conflict,fever_conflicting_evidence,,,
hotpot:5a7d3470554299452d57bb56:false_premise,hotpot_false_premise,,,
fever:1536c4c2df670f0caca8cb3007255eb7:conflict,fever_conflicting_evidence,,,
hotpot:5ae236b2554299495565da3e:false_premise,hotpot_false_premise,,,
fever:83d6a70d4372aad244a0527fabb54494:near_miss_dilution,fever_near_miss_dilution,,,
fever:e03cffc0671620bb304cd4f8979d59bd:near_miss_dilution,fever_near_miss_dilution,,,
hotpot:5abdbf3755429933744ab818:stable,hotpot_stable_support,,,
fever:b93a764a836b84571e8c8d30d6dae9c3:missing,fever_missing_evidence,,,
fever:48f5f70e6fe2f4fc1832e6fe5854c968:stable,fever_stable_evidence,,,
fever:7e1db4a650a7b6af58262f177d3186e5:stable,fever_stable_evidence,,,
hotpot:5ab9aed855429970cfb8eb6d:false_premise,hotpot_false_premise,,,
fever:f795541099098c3ea2fc43775a0bfb6a:near_miss_dilution,fever_near_miss_dilution,,,
hotpot:5a7149595542994082a3e76f:distractor,hotpot_distractor,,,
fever:0222cd14e3c1da3a98f2d56dc50b875f:conflict,fever_conflicting_evidence,,,
hotpot:5a80aeff5542996402f6a5eb:stable,hotpot_stable_support,,,
fever:0c80f7d04bac5c5479e0085d09ebbc38:stable,fever_stable_evidence,,,
hotpot:5a7b85c4554299294a54a9d7:missing_hop,hotpot_missing_hop,,,
fever:0c80f7d04bac5c5479e0085d09ebbc38:near_miss_dilution,fever_near_miss_dilution,,,
hotpot:5a765fe85542992d0ec060c5:stable,hotpot_stable_support,,,
fever:36791253a6dae3457ffbdc0bd76cad5d:conflict,fever_conflicting_evidence,,,
fever:4a3f9e1ee1dbb6ed2ea7e950cb2a9f85:stable,fever_stable_evidence,,,
fever:fa0f603655a05c3cdd7b2af1d8c482c1:stable,fever_stable_evidence,,,
hotpot:5ac344d6554299741d48a23f:distractor,hotpot_distractor,,,
hotpot:5ae3fe635542996836b02c07:stable,hotpot_stable_support,,,
fever:8f07cf1686bc953d1bbed9d01116af82:near_miss_dilution,fever_near_miss_dilution,,,
hotpot:5ade007e5542997545bbbdf4:stable,hotpot_stable_support,,,
fever:0bac0599230041012d8d13320201d653:distractor,fever_distractor_only,,,
fever:989083e3842960fb273023ac7f0ba590:fragile_mixed,fever_fragile_mixed,,,
fever:4a3f9e1ee1dbb6ed2ea7e950cb2a9f85:missing,fever_missing_evidence,,,
hotpot:5abc0ba05542996583600409:stable,hotpot_stable_support,,,
fever:bc68040ddfc0fec28f4a705adddfa808:near_miss_dilution,fever_near_miss_dilution,,,
fever:b993248cee8e8b41ea40bb48d0999b89:distractor,fever_distractor_only,,,
hotpot:5ab4b9f75542990594ba9ca4:missing_hop,hotpot_missing_hop,,,
hotpot:5a8712095542991e771816af:missing_hop,hotpot_missing_hop,,,
fever:07f00f258e0e5ffd3f180a08e8894417:conflict,fever_conflicting_evidence,,,
fever:a8bc907ab108b4d319a6ceb84fbd8360:stable,fever_stable_evidence,,,
fever:5f659bc392f88fc161676aa83bf206cf:conflict,fever_conflicting_evidence,,,
hotpot:5ae3d8415542992f92d8239a:false_premise,hotpot_false_premise,,,
fever:088279c1aad3aedb82905abc0b8ec9f7:stable,fever_stable_evidence,,,
fever:70b4102837ac267192f2476b1e813433:stable,fever_stable_evidence,,,
hotpot:5a7324e055429901807daf8f:stable,hotpot_stable_support,,,
fever:db092c8361439103d6fd763e29332214:missing,fever_missing_evidence,,,
fever:11616f85a77f01d0801d8485ecd84809:missing,fever_missing_evidence,,,
fever:35a77ed2125968f8b7b35c40173f099f:missing,fever_missing_evidence,,,
fever:610a2445aa427f79056046f97acfc350:fragile_mixed,fever_fragile_mixed,,,
fever:8eda82476aea93508f4b007f6c5a1c3f:stable,fever_stable_evidence,,,
hotpot:5a8ad2f3554299515336138d:stable,hotpot_stable_support,,,
hotpot:5ac2546a554299636651997b:distractor,hotpot_distractor,,,
hotpot:5ae136375542997b2ef7d12f:stable,hotpot_stable_support,,,
fever:1954b1268f583bf282a2beb07dc5a758:stable,fever_stable_evidence,,,
hotpot:5a7b3ec95542995eb53be8d3:false_premise,hotpot_false_premise,,,
hotpot:5a7a73e45542996c55b2ddb6:false_premise,hotpot_false_premise,,,
fever:c912588579ded55d3357f5223ac1a586:conflict,fever_conflicting_evidence,,,
fever:c8332dc3860b9aee291ccaba1da72be8:near_miss_dilution,fever_near_miss_dilution,,,
hotpot:5ac3a7f75542993915413890:missing_hop,hotpot_missing_hop,,,
hotpot:5a794f8155429970f5fffe95:distractor,hotpot_distractor,,,
hotpot:5a8284b555429954d2e2eb5f:distractor,hotpot_distractor,,,
fever:8bc408061f11caf9b82e3a738f611d01:fragile_mixed,fever_fragile_mixed,,,
fever:2901ed5ba7fc11c31ce9f03f356dd705:stable,fever_stable_evidence,,,
hotpot:5a8ad2f3554299515336138d:distractor,hotpot_distractor,,,
hotpot:5ae09ce855429924de1b7113:false_premise,hotpot_false_premise,,,
fever:55dbea21a5ddc78795fe720e6d2cd90f:near_miss_dilution,fever_near_miss_dilution,,,
fever:8eda82476aea93508f4b007f6c5a1c3f:fragile_mixed,fever_fragile_mixed,,,
hotpot:5a8cbce1554299653c1aa103:distractor,hotpot_distractor,,,
fever:c7f802075a39c81ed5d526bfb4af73de:fragile_mixed,fever_fragile_mixed,,,
fever:0cff660cc8477c3853a08a41441f4cc4:fragile_mixed,fever_fragile_mixed,,,
fever:bf3eea8691dfb03c74e91d3438f534cb:stable,fever_stable_evidence,,,
fever:94e4b7bf865fe56506ba2ffc24a6dced:missing,fever_missing_evidence,,,
fever:b2202ce8707ceab38737f6f75b7b710e:fragile_mixed,fever_fragile_mixed,,,
hotpot:5a8534305542997b5ce3ffc4:distractor,hotpot_distractor,,,
hotpot:5a8f2fed55429918e830d1c7:false_premise,hotpot_false_premise,,,
fever:2901ed5ba7fc11c31ce9f03f356dd705:fragile_mixed,fever_fragile_mixed,,,
hotpot:5a84564c5542990548d0b288:missing_hop,hotpot_missing_hop,,,
fever:4c7ed298fb26519aa7a58a94e27abd79:stable,fever_stable_evidence,,,
fever:e8f235cdc9269c5928f507f9603929fa:near_miss_dilution,fever_near_miss_dilution,,,
hotpot:5ae537e45542990ba0bbb235:stable,hotpot_stable_support,,,
fever:287ac9f6478a7c23271a1ffd42eb9ecb:distractor,fever_distractor_only,,,
fever:dd1200382175dd95000b12ec9aca6978:distractor,fever_distractor_only,,,
hotpot:5a7c0dab5542997c3ec972d2:missing_hop,hotpot_missing_hop,,,
hotpot:5ac17c025542994d76dcce70:distractor,hotpot_distractor,,,
fever:1abe6bf91985ab5ea8719381c510f5da:missing,fever_missing_evidence,,,
fever:e346a9f09a9abe43bc8f53b2186b8740:near_miss_dilution,fever_near_miss_dilution,,,
hotpot:5ae446fc5542995ad6573d24:missing_hop,hotpot_missing_hop,,,
hotpot:5ae3ffba5542995dadf242b2:missing_hop,hotpot_missing_hop,,,
fever:f1e594249c4f89e6eaca0f88044ed95c:missing,fever_missing_evidence,,,
fever:28e4e92b769669bb57d979b036e03546:missing,fever_missing_evidence,,,
hotpot:5a7c0dab5542997c3ec972d2:distractor,hotpot_distractor,,,
fever:0222cd14e3c1da3a98f2d56dc50b875f:missing,fever_missing_evidence,,,
fever:0c80f7d04bac5c5479e0085d09ebbc38:fragile_mixed,fever_fragile_mixed,,,
fever:9e77fb9bb0b14f24af74610baefccba8:stable,fever_stable_evidence,,,
fever:4c7ed298fb26519aa7a58a94e27abd79:fragile_mixed,fever_fragile_mixed,,,
fever:957bd9985949e2ad28195ceb83af45c9:missing,fever_missing_evidence,,,
fever:ff3e7bc4391581495003070a00a44758:stable,fever_stable_evidence,,,
hotpot:5a8f122955429918e830d17f:distractor,hotpot_distractor,,,
hotpot:5ab4b9f75542990594ba9ca4:stable,hotpot_stable_support,,,
fever:1abe6bf91985ab5ea8719381c510f5da:near_miss_dilution,fever_near_miss_dilution,,,
hotpot:5ab3eac5554299753aec59ec:false_premise,hotpot_false_premise,,,
hotpot:5ac0e0c75542997d64295a6e:distractor,hotpot_distractor,,,
hotpot:5a86f13c554299211dda2b5e:missing_hop,hotpot_missing_hop,,,
fever:891c3404da6e72531b64e9b9a3cf5847:near_miss_dilution,fever_near_miss_dilution,,,
fever:f711e56b9e7d416533dcb19ad93e0d55:near_miss_dilution,fever_near_miss_dilution,,,
hotpot:5a774e9c55429972597f14f3:false_premise,hotpot_false_premise,,,
hotpot:5a8257fa55429940e5e1a866:false_premise,hotpot_false_premise,,,
fever:0e84d99e0acf22dfe4d005573af3b3c1:missing,fever_missing_evidence,,,
fever:651fe439c46d953ed6d07914e2e745bf:distractor,fever_distractor_only,,,
hotpot:5a8f2fed55429918e830d1c7:stable,hotpot_stable_support,,,
hotpot:5ab97cd0554299753720f81a:distractor,hotpot_distractor,,,
hotpot:5a7de14a5542991319bc93fc:stable,hotpot_stable_support,,,
hotpot:5abb254c5542992ccd8e7f29:false_premise,hotpot_false_premise,,,
hotpot:5abe7c515542993f32c2a128:stable,hotpot_stable_support,,,
fever:d2da8ad657b4e44715bc223934bec323:stable,fever_stable_evidence,,,
hotpot:5ac3a7f75542993915413890:distractor,hotpot_distractor,,,
fever:b856986527d2056158b4a668a1e167d2:near_miss_dilution,fever_near_miss_dilution,,,
fever:c7f802075a39c81ed5d526bfb4af73de:conflict,fever_conflicting_evidence,,,
fever:956270943e7e377602d738ba602c85d5:stable,fever_stable_evidence,,,
fever:891c3404da6e72531b64e9b9a3cf5847:conflict,fever_conflicting_evidence,,,
hotpot:5adf32165542993344016c15:false_premise,hotpot_false_premise,,,
hotpot:5a8dd9d25542995a26add420:false_premise,hotpot_false_premise,,,
fever:2b1aa6cf0c15d9f65d113fd58e463bb9:missing,fever_missing_evidence,,,
fever:8af27e51af67106746051ab529625b7e:distractor,fever_distractor_only,,,
hotpot:5a73b2fd55429978a71e907f:false_premise,hotpot_false_premise,,,
hotpot:5a84564c5542990548d0b288:stable,hotpot_stable_support,,,
fever:4d5dc8f109518520f3c4f2fe6609e414:conflict,fever_conflicting_evidence,,,
hotpot:5ade1f0555429975fa854e74:distractor,hotpot_distractor,,,
fever:843b3f6987c7a1780290ba1877c8d187:stable,fever_stable_evidence,,,
fever:1c3e30a28a79b751d5d6c7a4bca616d6:fragile_mixed,fever_fragile_mixed,,,
fever:25dc4f70725e49253af408b42070e0c8:near_miss_dilution,fever_near_miss_dilution,,,
fever:94e4b7bf865fe56506ba2ffc24a6dced:fragile_mixed,fever_fragile_mixed,,,
fever:b856986527d2056158b4a668a1e167d2:conflict,fever_conflicting_evidence,,,
hotpot:5ae3fe635542996836b02c07:false_premise,hotpot_false_premise,,,
hotpot:5ae03cd855429924de1b7072:stable,hotpot_stable_support,,,
fever:891c3404da6e72531b64e9b9a3cf5847:stable,fever_stable_evidence,,,
hotpot:5adddf5d5542997dc7907078:missing_hop,hotpot_missing_hop,,,
fever:ef0f0f07dfaaa6eb22e1650221597941:stable,fever_stable_evidence,,,
fever:c28aa5a772d112782ad4d550b843085f:near_miss_dilution,fever_near_miss_dilution,,,
hotpot:5add39c45542995b365faac5:stable,hotpot_stable_support,,,
hotpot:5a89f58f5542992e4fca84af:stable,hotpot_stable_support,,,
fever:f46173991afadb7336be97d4e3b37352:near_miss_dilution,fever_near_miss_dilution,,,
fever:054f84726fc03b6b9a3dbb451d7ce66f:stable,fever_stable_evidence,,,
fever:03c14a49b6c6ab52e1a7ef634b4cf997:near_miss_dilution,fever_near_miss_dilution,,,
fever:14ec0312e6fb9245abba18b17351d928:near_miss_dilution,fever_near_miss_dilution,,,
fever:14ec0312e6fb9245abba18b17351d928:conflict,fever_conflicting_evidence,,,
